DROP TABLE IF EXISTS `tmp_breakdown_revenue`;
CREATE TABLE `tmp_breakdown_revenue` (
				SELECT 'Paid' as 'Pos', date_paid as Date, state, DATE_FORMAT(date_paid, '%Y') as 'Year', DATE_FORMAT(date_paid, '%M') as 'Month', DATE_FORMAT(date_paid, '%u') as 'Week', sum(net) as 'Total'
		FROM billing
		WHERE state = 4 OR state = 3 AND type = 1
		GROUP BY DATE_FORMAT(date_paid, '%Y'), DATE_FORMAT(date_paid, '%M'), DATE_FORMAT(date_paid, '%u')
		WITH ROLLUP);

DROP TABLE IF EXISTS `tmp_breakdown_revenue_category`;
CREATE TABLE `tmp_breakdown_revenue_category` (
			SELECT IF(bl.id_billing_category IS NULL, b.id_billing_category, bl.id_billing_category) as 'Category', 
				sum(bl.total) as 'Total'
			FROM billing_line bl
			LEFT JOIN billing b ON (bl.id_billing = b.id_billing)
			GROUP BY IF(bl.id_billing_category IS NULL, b.id_billing_category, bl.id_billing_category)
			WITH ROLLUP
		);
		
DROP TABLE IF EXISTS `tmp_breakdown_expense`;
CREATE TABLE `tmp_breakdown_expense` (
				SELECT `spend_date` as Date, DATE_FORMAT(`spend_date`, '%Y') as 'Year', DATE_FORMAT(`spend_date`, '%M') as 'Month', DATE_FORMAT(`spend_date`, '%u') as 'Week', sum(total) as 'Total'
		FROM cost_line
		GROUP BY DATE_FORMAT(`spend_date`, '%Y'), DATE_FORMAT(`spend_date`, '%M'), DATE_FORMAT(`spend_date`, '%u')
		WITH ROLLUP
		);

INSERT IGNORE INTO `config` (`id_config`, `category`, `config`, `value`, `system`, `description`, `type`, `date_creation`, `date_modification`, `id_group_creation`, `id_creation`, `id_modification`) VALUES
(17, 2, 'billing_default_unit_amount', '55.00', NULL, 'Amount by default in Billing', NULL, '2024-04-26 10:23:47', '2024-04-26 10:38:04', 2, 2, 2),
(18, 0, 'billing_tax_1', '0', NULL, '', NULL, '2024-05-02 05:37:45', '2024-05-02 05:45:03', 2, 2, 2);

INSERT IGNORE INTO `authy` (`id_authy`, `validation_key`, `username`, `fullname`, `email`, `passwd_hash`, `expire`, `deactivate`, `is_root`, `id_authy_group`, `is_system`, `rights_all`, `rights_group`, `rights_owner`, `onglet`, `date_creation`, `date_modification`, `id_group_creation`, `id_creation`, `id_modification`) VALUES
(1, NULL, 'apigoat', NULL, 'info@apigoat.com', '0c8504ec2885760b2b752a53c0e1684b', NULL, 1, 0, 2, 1, NULL, NULL, NULL, NULL, '2023-12-02 08:56:35', NULL, NULL, NULL, NULL);

INSERT IGNORE INTO `message` (`id_message`, `label`) VALUES
(1, 'delete_row_confirm_msg'),
(2, 'billing_title_required'),
(3, 'Billing_IdClient_required'),
(4, 'project_name__required'),
(5, 'client_phone_required'),
(6, 'client_name_required'),
(7, 'client_country_required'),
(8, 'supplier_name_required'),
(9, 'supplier_country_required'),
(10, 'authy_email_required'),
(11, 'authy_password_required'),
(12, 'name_required'),
(13, 'Config_Config_required'),
(14, 'Template_Name_required'),
(15, 'CostLine_Title_required');

INSERT IGNORE  INTO `message_i18n` (`id_message`, `locale`, `text`, `date_creation`, `date_modification`, `id_group_creation`, `id_creation`, `id_modification`) VALUES
(1, 'en_US', 'Are you sure you want to delete this item?', '2024-05-07 15:59:18', '2024-05-08 04:17:23', 2, 1, 1),
(1, 'fr_CA', NULL, '2024-05-07 15:59:18', '2024-05-08 04:17:23', 2, 1, 1),
(2, 'en_US', 'The title is required.', '2024-05-07 15:59:22', '2024-05-08 04:17:43', 2, 1, 1),
(2, 'fr_CA', NULL, '2024-05-07 15:59:22', '2024-05-08 04:17:43', 2, 1, 1),
(3, 'en_US', 'The client is required.', '2024-05-07 15:59:22', '2024-05-08 04:17:58', 2, 1, 1),
(3, 'fr_CA', NULL, '2024-05-07 15:59:22', '2024-05-08 04:17:58', 2, 1, 1),
(4, 'en_US', 'The name is required.', '2024-05-07 16:01:35', '2024-05-08 04:18:15', 2, 1, 1),
(4, 'fr_CA', NULL, '2024-05-07 16:01:35', '2024-05-08 04:18:15', 2, 1, 1),
(5, 'en_US', 'The phone number is required.', '2024-05-07 16:01:41', '2024-05-08 04:18:28', 2, 1, 1),
(5, 'fr_CA', NULL, '2024-05-07 16:01:41', '2024-05-08 04:18:28', 2, 1, 1),
(6, 'en_US', 'The name is required.', '2024-05-07 16:01:41', '2024-05-08 04:18:39', 2, 1, 1),
(6, 'fr_CA', NULL, '2024-05-07 16:01:41', '2024-05-08 04:18:39', 2, 1, 1),
(7, 'en_US', 'The country is required.', '2024-05-07 16:01:41', '2024-05-08 04:18:57', 2, 1, 1),
(7, 'fr_CA', NULL, '2024-05-07 16:01:41', '2024-05-08 04:18:57', 2, 1, 1),
(8, 'en_US', 'The name is required.', '2024-05-07 16:02:26', '2024-05-08 04:19:08', 2, 1, 1),
(8, 'fr_CA', NULL, '2024-05-07 16:02:26', '2024-05-08 04:19:08', 2, 1, 1),
(9, 'en_US', 'The country is required.', '2024-05-07 16:02:26', '2024-05-08 04:19:19', 2, 1, 1),
(9, 'fr_CA', NULL, '2024-05-07 16:02:26', '2024-05-08 04:19:19', 2, 1, 1),
(10, 'en_US', 'The email is required.', '2024-05-07 16:02:34', '2024-05-08 04:19:31', 2, 1, 1),
(10, 'fr_CA', NULL, '2024-05-07 16:02:34', '2024-05-08 04:19:31', 2, 1, 1),
(11, 'en_US', 'The password is required.', '2024-05-07 16:02:34', '2024-05-08 04:19:45', 2, 1, 1),
(11, 'fr_CA', NULL, '2024-05-07 16:02:34', '2024-05-08 04:19:45', 2, 1, 1),
(12, 'en_US', 'The name is required.', '2024-05-07 16:02:42', '2024-05-08 04:19:55', 2, 1, 1),
(12, 'fr_CA', NULL, '2024-05-07 16:02:42', '2024-05-08 04:19:55', 2, 1, 1),
(13, 'en_US', 'The config is required.', '2024-05-07 16:02:56', '2024-05-08 04:20:09', 2, 1, 1),
(13, 'fr_CA', NULL, '2024-05-07 16:02:56', '2024-05-08 04:20:09', 2, 1, 1),
(14, 'en_US', 'The name is required.', '2024-05-07 16:03:03', '2024-05-08 04:20:19', 2, 1, 1),
(14, 'fr_CA', NULL, '2024-05-07 16:03:03', '2024-05-08 04:20:19', 2, 1, 1),
(15, 'en_US', 'The title is required.', '2024-05-07 17:13:15', '2024-05-08 04:20:26', 2, 1, 1),
(15, 'fr_CA', NULL, '2024-05-07 17:13:15', '2024-05-08 04:20:26', 2, 1, 1);

INSERT INTO `country` (`id_country`, `name`, `code`, `timezone`, `timezone_code`, `priority`, `date_creation`, `date_modification`, `id_group_creation`, `id_creation`, `id_modification`) VALUES
(1, 'United Arab Emirates', 'AE', '+04:00', 'Asia/Dubai', NULL, NULL, NULL, NULL, NULL, NULL),
(2, 'Armenia', 'AM', '+04:00', 'Asia/Yerevan', NULL, NULL, NULL, NULL, NULL, NULL),
(3, 'Angola', 'AO', '+01:00', 'Africa/Luanda', NULL, NULL, NULL, NULL, NULL, NULL),
(4, 'Argentina', 'AR', '-03:00', 'America/Argentina/Ushuaia', NULL, NULL, NULL, NULL, NULL, NULL),
(5, 'Austria', 'AT', '+02:00', 'Europe/Vienna', NULL, NULL, NULL, NULL, NULL, NULL),
(6, 'Australia', 'AU', '+10:00', 'Australia/Sydney', NULL, NULL, NULL, NULL, NULL, NULL),
(7, 'Bangladesh', 'BD', '+06:00', 'Asia/Dhaka', NULL, NULL, NULL, NULL, NULL, NULL),
(8, 'Belgium', 'BE', '+02:00', 'Europe/Brussels', NULL, NULL, NULL, NULL, NULL, NULL),
(9, 'Bulgaria', 'BG', '+03:00', 'Europe/Sofia', NULL, NULL, NULL, NULL, NULL, NULL),
(10, 'Bahrain', 'BH', '+03:00', 'Asia/Bahrain', NULL, NULL, NULL, NULL, NULL, NULL),
(11, 'Benin', 'BJ', '+01:00', 'Africa/Porto-Novo', NULL, NULL, NULL, NULL, NULL, NULL),
(12, 'Bermuda', 'BM', '-03:00', 'Atlantic/Bermuda', NULL, NULL, NULL, NULL, NULL, NULL),
(13, 'Bolivia', 'BO', '-04:00', 'America/La_Paz', NULL, NULL, NULL, NULL, NULL, NULL),
(14, 'Brazil', 'BR', '-03:00', 'America/Sao_Paulo', NULL, NULL, NULL, NULL, NULL, NULL),
(15, 'Bahamas', 'BS', '-04:00', 'America/Nassau', NULL, NULL, NULL, NULL, NULL, NULL),
(16, 'Botswana', 'BW', '+02:00', 'Africa/Gaborone', NULL, NULL, NULL, NULL, NULL, NULL),
(17, 'Belarus', 'BY', '+03:00', 'Europe/Minsk', NULL, NULL, NULL, NULL, NULL, NULL),
(18, 'Belize', 'BZ', '-06:00', 'America/Belize', NULL, NULL, NULL, NULL, NULL, NULL),
(19, 'Congo', '', '+01:00', 'Etc/GMT+1', NULL, NULL, NULL, NULL, NULL, NULL),
(20, 'Switzerland', 'CH', '+02:00', 'Europe/Zurich', NULL, NULL, NULL, NULL, NULL, NULL),
(21, 'Ivory Coast', 'CI', '00:00', 'Africa/Abidjan', NULL, NULL, NULL, NULL, NULL, NULL),
(22, 'Chile', 'CL', '-06:00', 'Pacific/Easter', NULL, NULL, NULL, NULL, NULL, NULL),
(23, 'Cameroon', 'CM', '+01:00', 'Africa/Douala', NULL, NULL, NULL, NULL, NULL, NULL),
(24, 'China', 'CN', '+06:00', 'Asia/Urumqi', NULL, NULL, NULL, NULL, NULL, NULL),
(25, 'Colombia', 'CO', '-05:00', 'America/Bogota', NULL, NULL, NULL, NULL, NULL, NULL),
(26, 'Costa Rica', 'CR', '-06:00', 'America/Costa_Rica', NULL, NULL, NULL, NULL, NULL, NULL),
(27, 'Cuba', 'CU', '-04:00', 'America/Havana', NULL, NULL, NULL, NULL, NULL, NULL),
(28, 'Cyprus', 'CY', '+03:00', 'Asia/Nicosia', NULL, NULL, NULL, NULL, NULL, NULL),
(29, 'Czech Republic', 'CZ', '+02:00', 'Europe/Prague', NULL, NULL, NULL, NULL, NULL, NULL),
(30, 'Germany', 'DE', '+02:00', 'Europe/Busingen', NULL, NULL, NULL, NULL, NULL, NULL),
(31, 'Denmark', 'DK', '+02:00', 'Europe/Copenhagen', NULL, NULL, NULL, NULL, NULL, NULL),
(32, 'Dominican Republic', 'DO', '-04:00', 'America/Santo_Domingo', NULL, NULL, NULL, NULL, NULL, NULL),
(33, 'Algeria', 'DZ', '+01:00', 'Africa/Algiers', NULL, NULL, NULL, NULL, NULL, NULL),
(34, 'Ecuador', 'EC', '-06:00', 'Pacific/Galapagos', NULL, NULL, NULL, NULL, NULL, NULL),
(35, 'Estonia', 'EE', '+03:00', 'Europe/Tallinn', NULL, NULL, NULL, NULL, NULL, NULL),
(36, 'Egypt', 'EG', '+02:00', 'Africa/Cairo', NULL, NULL, NULL, NULL, NULL, NULL),
(37, 'Eritrea', 'ER', '+03:00', 'Africa/Asmara', NULL, NULL, NULL, NULL, NULL, NULL),
(38, 'Spain', 'ES', '+02:00', 'Europe/Madrid', NULL, NULL, NULL, NULL, NULL, NULL),
(39, 'Ethiopia', 'ET', '+03:00', 'Africa/Addis_Ababa', NULL, NULL, NULL, NULL, NULL, NULL),
(40, 'Finland', 'FI', '+03:00', 'Europe/Helsinki', NULL, NULL, NULL, NULL, NULL, NULL),
(41, 'Fiji', 'FJ', '+12:00', 'Pacific/Fiji', NULL, NULL, NULL, NULL, NULL, NULL),
(42, 'France', 'FR', '+02:00', 'Europe/Paris', NULL, NULL, NULL, NULL, NULL, NULL),
(43, 'Gabon', 'GA', '+01:00', 'Africa/Libreville', NULL, NULL, NULL, NULL, NULL, NULL),
(44, 'United Kingdom', 'GB', '+01:00', 'Europe/London', NULL, NULL, NULL, NULL, NULL, NULL),
(45, 'Grenada', 'GD', '-04:00', 'America/Grenada', NULL, NULL, NULL, NULL, NULL, NULL),
(46, 'Georgia', 'GE', '+04:00', 'Asia/Tbilisi', NULL, NULL, NULL, NULL, NULL, NULL),
(47, 'Guernsey', 'GG', '+01:00', 'Europe/Guernsey', NULL, NULL, NULL, NULL, NULL, NULL),
(48, 'Ghana', 'GH', '00:00', 'Africa/Accra', NULL, NULL, NULL, NULL, NULL, NULL),
(49, 'Gibraltar', 'GI', '+02:00', 'Europe/Gibraltar', NULL, NULL, NULL, NULL, NULL, NULL),
(50, 'Greenland', 'GL', '-03:00', 'America/Thule', NULL, NULL, NULL, NULL, NULL, NULL),
(51, 'Gambia', 'GM', '00:00', 'Africa/Banjul', NULL, NULL, NULL, NULL, NULL, NULL),
(52, 'Guadeloupe', 'GP', '-04:00', 'America/Guadeloupe', NULL, NULL, NULL, NULL, NULL, NULL),
(53, 'Greece', 'GR', '+03:00', 'Europe/Athens', NULL, NULL, NULL, NULL, NULL, NULL),
(54, 'Guatemala', 'GT', '-06:00', 'America/Guatemala', NULL, NULL, NULL, NULL, NULL, NULL),
(55, 'Guyana', 'GY', '-04:00', 'America/Guyana', NULL, NULL, NULL, NULL, NULL, NULL),
(56, 'Hong Kong', 'HK', '+08:00', 'Asia/Hong_Kong', NULL, NULL, NULL, NULL, NULL, NULL),
(57, 'Honduras', 'HN', '-06:00', 'America/Tegucigalpa', NULL, NULL, NULL, NULL, NULL, NULL),
(58, 'Croatia', 'HR', '+02:00', 'Europe/Zagreb', NULL, NULL, NULL, NULL, NULL, NULL),
(59, 'Haiti', 'HT', '-04:00', 'America/Port-au-Prince', NULL, NULL, NULL, NULL, NULL, NULL),
(60, 'Hungary', 'HU', '+02:00', 'Europe/Budapest', NULL, NULL, NULL, NULL, NULL, NULL),
(61, 'Indonesia', 'ID', '+07:00', 'Asia/Pontianak', NULL, NULL, NULL, NULL, NULL, NULL),
(62, 'Ireland', 'IE', '+01:00', 'Europe/Dublin', NULL, NULL, NULL, NULL, NULL, NULL),
(63, 'Israel', 'IL', '+03:00', 'Asia/Jerusalem', NULL, NULL, NULL, NULL, NULL, NULL),
(64, 'Isle of man', '', '+01:00', 'Etc/GMT+1', NULL, NULL, NULL, NULL, NULL, NULL),
(65, 'Iraq', 'IQ', '+03:00', 'Asia/Baghdad', NULL, NULL, NULL, NULL, NULL, NULL),
(66, 'Iran', 'IR', '+04:30', 'Asia/Tehran', NULL, NULL, NULL, NULL, NULL, NULL),
(67, 'Iceland', 'IS', '00:00', 'Atlantic/Reykjavik', NULL, NULL, NULL, NULL, NULL, NULL),
(68, 'Italy', 'IT', '+02:00', 'Europe/Rome', NULL, NULL, NULL, NULL, NULL, NULL),
(69, 'Jersey', 'JE', '+01:00', 'Europe/Jersey', NULL, NULL, NULL, NULL, NULL, NULL),
(70, 'Jamaica', 'JM', '-05:00', 'America/Jamaica', NULL, NULL, NULL, NULL, NULL, NULL),
(71, 'Jordan', 'JO', '+03:00', 'Asia/Amman', NULL, NULL, NULL, NULL, NULL, NULL),
(72, 'Japan', 'JP', '+09:00', 'Asia/Tokyo', NULL, NULL, NULL, NULL, NULL, NULL),
(73, 'Kenya', 'KE', '+03:00', 'Africa/Nairobi', NULL, NULL, NULL, NULL, NULL, NULL),
(74, 'Cambodia', 'KH', '+07:00', 'Asia/Phnom_Penh', NULL, NULL, NULL, NULL, NULL, NULL),
(75, 'North Korea', 'KP', '+09:00', 'Asia/Pyongyang', NULL, NULL, NULL, NULL, NULL, NULL),
(76, 'South Korea', 'KR', '+09:00', 'Asia/Seoul', NULL, NULL, NULL, NULL, NULL, NULL),
(77, 'Kuwait', 'KW', '+03:00', 'Asia/Kuwait', NULL, NULL, NULL, NULL, NULL, NULL),
(78, 'Cayman Islands', 'KY', '-05:00', 'America/Cayman', NULL, NULL, NULL, NULL, NULL, NULL),
(79, 'Kazakhstan', 'KZ', '+05:00', 'Asia/Qyzylorda', NULL, NULL, NULL, NULL, NULL, NULL),
(80, 'Laos', 'LA', '+07:00', 'Asia/Vientiane', NULL, NULL, NULL, NULL, NULL, NULL),
(81, 'Lebanon', 'LB', '+03:00', 'Asia/Beirut', NULL, NULL, NULL, NULL, NULL, NULL),
(82, 'Liechtenstein', 'LI', '+02:00', 'Europe/Vaduz', NULL, NULL, NULL, NULL, NULL, NULL),
(83, 'Sri Lanka', 'LK', '+05:30', 'Asia/Colombo', NULL, NULL, NULL, NULL, NULL, NULL),
(84, 'Liberia', 'LR', '00:00', 'Africa/Monrovia', NULL, NULL, NULL, NULL, NULL, NULL),
(85, 'Lesotho', 'LS', '+02:00', 'Africa/Maseru', NULL, NULL, NULL, NULL, NULL, NULL),
(86, 'Lithuania', 'LT', '+03:00', 'Europe/Vilnius', NULL, NULL, NULL, NULL, NULL, NULL),
(87, 'Luxembourg', 'LU', '+02:00', 'Europe/Luxembourg', NULL, NULL, NULL, NULL, NULL, NULL),
(88, 'Latvia', 'LV', '+03:00', 'Europe/Riga', NULL, NULL, NULL, NULL, NULL, NULL),
(89, 'Morocco', 'MA', '+01:00', 'Africa/Casablanca', NULL, NULL, NULL, NULL, NULL, NULL),
(90, 'Monaco', 'MC', '+02:00', 'Europe/Monaco', NULL, NULL, NULL, NULL, NULL, NULL),
(91, 'Moldova', 'MD', '+03:00', 'Europe/Chisinau', NULL, NULL, NULL, NULL, NULL, NULL),
(92, 'Montenegro', 'ME', '+02:00', 'Europe/Podgorica', NULL, NULL, NULL, NULL, NULL, NULL),
(93, 'Madagascar', 'MG', '+03:00', 'Indian/Antananarivo', NULL, NULL, NULL, NULL, NULL, NULL),
(94, 'Macedonia', 'MK', '+02:00', 'Europe/Skopje', NULL, NULL, NULL, NULL, NULL, NULL),
(95, 'Mali', 'ML', '00:00', 'Africa/Bamako', NULL, NULL, NULL, NULL, NULL, NULL),
(96, 'Myanmar', 'MM', '+06:30', 'Asia/Yangon', NULL, NULL, NULL, NULL, NULL, NULL),
(97, 'Mongolia', 'MN', '+08:00', 'Asia/Ulaanbaatar', NULL, NULL, NULL, NULL, NULL, NULL),
(98, 'Macao', 'MO', '+08:00', 'Asia/Macau', NULL, NULL, NULL, NULL, NULL, NULL),
(99, 'Martinique', 'MQ', '-04:00', 'America/Martinique', NULL, NULL, NULL, NULL, NULL, NULL),
(100, 'Malta', 'MT', '+02:00', 'Europe/Malta', NULL, NULL, NULL, NULL, NULL, NULL),
(101, 'Mauritius', 'MU', '+04:00', 'Indian/Mauritius', NULL, NULL, NULL, NULL, NULL, NULL),
(102, 'Maldives', 'MV', '+05:00', 'Indian/Maldives', NULL, NULL, NULL, NULL, NULL, NULL),
(103, 'Mexico', 'MX', '-07:00', 'America/Tijuana', NULL, NULL, NULL, NULL, NULL, NULL),
(104, 'Malaysia', 'MY', '+08:00', 'Asia/Kuching', NULL, NULL, NULL, NULL, NULL, NULL),
(105, 'Mozambique', 'MZ', '+02:00', 'Africa/Maputo', NULL, NULL, NULL, NULL, NULL, NULL),
(106, 'Namibia', 'NA', '+02:00', 'Africa/Windhoek', NULL, NULL, NULL, NULL, NULL, NULL),
(107, 'Niger', 'NE', '+01:00', 'Africa/Niamey', NULL, NULL, NULL, NULL, NULL, NULL),
(108, 'Nigeria', 'NG', '+01:00', 'Africa/Lagos', NULL, NULL, NULL, NULL, NULL, NULL),
(109, 'Nicaragua', 'NI', '-06:00', 'America/Managua', NULL, NULL, NULL, NULL, NULL, NULL),
(110, 'Netherlands', 'NL', '+02:00', 'Europe/Amsterdam', NULL, NULL, NULL, NULL, NULL, NULL),
(111, 'Norway', 'NO', '+02:00', 'Europe/Oslo', NULL, NULL, NULL, NULL, NULL, NULL),
(112, 'Nepal', 'NP', '+05:45', 'Asia/Kathmandu', NULL, NULL, NULL, NULL, NULL, NULL),
(113, 'New Zealand', 'NZ', '+12:45', 'Pacific/Chatham', NULL, NULL, NULL, NULL, NULL, NULL),
(114, 'Oman', 'OM', '+04:00', 'Asia/Muscat', NULL, NULL, NULL, NULL, NULL, NULL),
(115, 'Panama', 'PA', '-05:00', 'America/Panama', NULL, NULL, NULL, NULL, NULL, NULL),
(116, 'Peru', 'PE', '-05:00', 'America/Lima', NULL, NULL, NULL, NULL, NULL, NULL),
(117, 'Papua New Guinea', 'PG', '+10:00', 'Pacific/Port_Moresby', NULL, NULL, NULL, NULL, NULL, NULL),
(118, 'Pakistan', 'PK', '+05:00', 'Asia/Karachi', NULL, NULL, NULL, NULL, NULL, NULL),
(119, 'Poland', 'PL', '+02:00', 'Europe/Warsaw', NULL, NULL, NULL, NULL, NULL, NULL),
(120, 'Palestine', '', '+03:00', 'Etc/GMT+3', NULL, NULL, NULL, NULL, NULL, NULL),
(121, 'Portugal', 'PT', '+01:00', 'Europe/Lisbon', NULL, NULL, NULL, NULL, NULL, NULL),
(122, 'Paraguay', 'PY', '-04:00', 'America/Asuncion', NULL, NULL, NULL, NULL, NULL, NULL),
(123, 'Qatar', 'QA', '+03:00', 'Asia/Qatar', NULL, NULL, NULL, NULL, NULL, NULL),
(124, 'Romania', 'RO', '+03:00', 'Europe/Bucharest', NULL, NULL, NULL, NULL, NULL, NULL),
(125, 'Serbia', 'RS', '+02:00', 'Europe/Belgrade', NULL, NULL, NULL, NULL, NULL, NULL),
(126, 'Russia', 'RU', '+04:00', 'Europe/Volgograd', NULL, NULL, NULL, NULL, NULL, NULL),
(127, 'Rwanda', 'RW', '+02:00', 'Africa/Kigali', NULL, NULL, NULL, NULL, NULL, NULL),
(128, 'Saudi Arabia', 'SA', '+03:00', 'Asia/Riyadh', NULL, NULL, NULL, NULL, NULL, NULL),
(129, 'Seychelles', 'SC', '+04:00', 'Indian/Mahe', NULL, NULL, NULL, NULL, NULL, NULL),
(130, 'Sudan', 'SD', '+02:00', 'Africa/Khartoum', NULL, NULL, NULL, NULL, NULL, NULL),
(131, 'Sweden', 'SE', '+02:00', 'Europe/Stockholm', NULL, NULL, NULL, NULL, NULL, NULL),
(132, 'Singapore', 'SG', '+08:00', 'Asia/Singapore', NULL, NULL, NULL, NULL, NULL, NULL),
(133, 'Slovenia', 'SI', '+02:00', 'Europe/Ljubljana', NULL, NULL, NULL, NULL, NULL, NULL),
(134, 'Slovakia', 'SK', '+02:00', 'Europe/Bratislava', NULL, NULL, NULL, NULL, NULL, NULL),
(135, 'Sierra Leone', 'SL', '00:00', 'Africa/Freetown', NULL, NULL, NULL, NULL, NULL, NULL),
(136, 'San Marino', 'SM', '+02:00', 'Europe/San_Marino', NULL, NULL, NULL, NULL, NULL, NULL),
(137, 'Senegal', 'SN', '00:00', 'Africa/Dakar', NULL, NULL, NULL, NULL, NULL, NULL),
(138, 'Somalia', 'SO', '+03:00', 'Africa/Mogadishu', NULL, NULL, NULL, NULL, NULL, NULL),
(139, 'El Salvador', 'SV', '-06:00', 'America/El_Salvador', NULL, NULL, NULL, NULL, NULL, NULL),
(140, 'Syria', 'SY', '+03:00', 'Asia/Damascus', NULL, NULL, NULL, NULL, NULL, NULL),
(141, 'Chad', 'TD', '+01:00', 'Africa/Ndjamena', NULL, NULL, NULL, NULL, NULL, NULL),
(142, 'Togo', 'TG', '00:00', 'Africa/Lome', NULL, NULL, NULL, NULL, NULL, NULL),
(143, 'Thailand', 'TH', '+07:00', 'Asia/Bangkok', NULL, NULL, NULL, NULL, NULL, NULL),
(144, 'Turkmenistan', 'TM', '+05:00', 'Asia/Ashgabat', NULL, NULL, NULL, NULL, NULL, NULL),
(145, 'Tunisia', 'TN', '+01:00', 'Africa/Tunis', NULL, NULL, NULL, NULL, NULL, NULL),
(146, 'Tonga', 'TO', '+13:00', 'Pacific/Tongatapu', NULL, NULL, NULL, NULL, NULL, NULL),
(147, 'Turkey', 'TR', '+03:00', 'Europe/Istanbul', NULL, NULL, NULL, NULL, NULL, NULL),
(148, 'Trinidad and Tobago', 'TT', '-04:00', 'America/Port_of_Spain', NULL, NULL, NULL, NULL, NULL, NULL),
(149, 'Taiwan', 'TW', '+08:00', 'Asia/Taipei', NULL, NULL, NULL, NULL, NULL, NULL),
(150, 'Tanzania', 'TZ', '+03:00', 'Africa/Dar_es_Salaam', NULL, NULL, NULL, NULL, NULL, NULL),
(151, 'Ukraine', 'UA', '+03:00', 'Europe/Zaporozhye', NULL, NULL, NULL, NULL, NULL, NULL),
(152, 'Uganda', 'UG', '+03:00', 'Africa/Kampala', NULL, NULL, NULL, NULL, NULL, NULL),
(153, 'United States', 'US', '-10:00', 'Pacific/Honolulu', NULL, NULL, NULL, NULL, NULL, NULL),
(154, 'Uruguay', 'UY', '-03:00', 'America/Montevideo', NULL, NULL, NULL, NULL, NULL, NULL),
(155, 'Uzbekistan', 'UZ', '+05:00', 'Asia/Tashkent', NULL, NULL, NULL, NULL, NULL, NULL),
(156, 'Venezuela', 'VE', '-04:00', 'America/Caracas', NULL, NULL, NULL, NULL, NULL, NULL),
(157, 'Vietnam', 'VN', '+07:00', 'Asia/Ho_Chi_Minh', NULL, NULL, NULL, NULL, NULL, NULL),
(158, 'Yemen', 'YE', '+03:00', 'Asia/Aden', NULL, NULL, NULL, NULL, NULL, NULL),
(159, 'South Africa', 'ZA', '+02:00', 'Africa/Johannesburg', NULL, NULL, NULL, NULL, NULL, NULL),
(160, 'Zambia', 'ZM', '+02:00', 'Africa/Lusaka', NULL, NULL, NULL, NULL, NULL, NULL),
(161, 'Zimbabwe', 'ZW', '+02:00', 'Africa/Harare', NULL, NULL, NULL, NULL, NULL, NULL),
(162, 'Philippines', 'PH', '+08:00', 'Asia/Manila', NULL, NULL, NULL, NULL, NULL, NULL),
(163, 'India', 'IN', '+05:30', 'Asia/Kolkata', NULL, NULL, NULL, NULL, NULL, NULL),
(164, 'Quatar', '', '+03:00', 'Etc/GMT+3', NULL, NULL, NULL, NULL, NULL, NULL),
(165, 'Canada', 'CA', '-06:00', 'America/Yellowknife', NULL, NULL, NULL, NULL, NULL, NULL),
(166, 'Scotland', '', '+01:00', 'Europe/Sarajevo', NULL, NULL, NULL, NULL, NULL, NULL),
(167, 'Albania', 'AL', '+02:00', 'Europe/Tirane', NULL, NULL, NULL, NULL, NULL, NULL),
(168, 'Samoa', 'WS', '+13:00', 'Pacific/Apia', NULL, NULL, NULL, NULL, NULL, NULL),
(169, 'Brunei', 'BN', '+08:00', 'Asia/Brunei', NULL, NULL, NULL, NULL, NULL, NULL),
(170, 'Azerbaijan', 'AZ', '+04:00', 'Asia/Baku', NULL, NULL, NULL, NULL, NULL, NULL),
(171, 'Libya', 'LY', '+02:00', 'Africa/Tripoli', NULL, NULL, NULL, NULL, NULL, NULL),
(172, 'Slovenia', 'SI', '+02:00', 'Europe/Ljubljana', NULL, NULL, NULL, NULL, NULL, NULL),
(173, 'Kyrgyzstan', 'KG', '+06:00', 'Asia/Bishkek', NULL, NULL, NULL, NULL, NULL, NULL),
(174, 'Malawi', 'MW', '+02:00', 'Africa/Blantyre', NULL, NULL, NULL, NULL, NULL, NULL),
(175, 'Wales', '', '+01:00', 'Europe/Sarajevo', NULL, NULL, NULL, NULL, NULL, NULL),
(176, 'Burkina Faso', '', '00:00', 'Africa/Lome', NULL, NULL, NULL, NULL, NULL, NULL),
(177, 'Bosnia', '', '+01:00', 'Europe/Sarajevo', NULL, NULL, NULL, NULL, NULL, NULL),
(178, 'Mauritania', '', '00:00', 'Africa/Lome', NULL, NULL, NULL, NULL, NULL, NULL),
(179, 'Marshall Islands', '', '+12:00', 'Pacific/Fiji', NULL, NULL, NULL, NULL, NULL, NULL),
(180, 'Swaziland', '', '+02:00', 'Africa/Harare', NULL, NULL, NULL, NULL, NULL, NULL),
(181, 'Vanuatu', '', '+11:00', 'Etc/GMT+11', NULL, NULL, NULL, NULL, NULL, NULL),
(182, 'Faroe Islands', '', '+01:00', 'Etc/GMT+1', NULL, NULL, NULL, NULL, NULL, NULL),
(183, 'Cook Islands', '', '-10:00', 'Etc/GMT-10', NULL, NULL, NULL, NULL, NULL, NULL),
(184, 'Tajikistan', '', '+05:00', 'Etc/GMT+5', NULL, NULL, NULL, NULL, NULL, NULL),
(185, 'Macau', '', '+08:00', 'Asia/Macau', NULL, NULL, NULL, NULL, NULL, NULL),
(186, 'Cape Verde', '', '-01:00', 'Etc/GMT-1', NULL, NULL, NULL, NULL, NULL, NULL),
(187, 'Palau', '', '+09:00', 'Etc/GMT+9', NULL, NULL, NULL, NULL, NULL, NULL),
(188, 'French Polynesia', '', '-10:00', 'Etc/GMT-10', NULL, NULL, NULL, NULL, NULL, NULL),
(189, 'New Caledonia', '', '+11:00', 'Etc/GMT+11', NULL, NULL, NULL, NULL, NULL, NULL),
(190, 'Turks and Caicos', '', '', '', NULL, NULL, NULL, NULL, NULL, NULL),
(191, 'Andorra', 'AD', '+01:00', 'Europe/Andorra', NULL, NULL, NULL, NULL, NULL, NULL);