/*!40101 SET @OLD_CHARACTER_SET_CLIENT=@@CHARACTER_SET_CLIENT */;
/*!40101 SET @OLD_CHARACTER_SET_RESULTS=@@CHARACTER_SET_RESULTS */;
/*!40101 SET @OLD_COLLATION_CONNECTION=@@COLLATION_CONNECTION */;
/*!40101 SET NAMES utf8 */;
/*!40103 SET @OLD_TIME_ZONE=@@TIME_ZONE */;
/*!40103 SET TIME_ZONE='+00:00' */;
/*!40101 SET @OLD_AUTOCOMMIT=@@AUTOCOMMIT */;
/*!40014 SET @OLD_UNIQUE_CHECKS=@@UNIQUE_CHECKS, UNIQUE_CHECKS=0 */;
/*!40014 SET @OLD_FOREIGN_KEY_CHECKS=@@FOREIGN_KEY_CHECKS, FOREIGN_KEY_CHECKS=0 */;
/*!40101 SET @OLD_SQL_MODE=@@SQL_MODE, SQL_MODE='NO_AUTO_VALUE_ON_ZERO' */;
/*!40111 SET @OLD_SQL_NOTES=@@SQL_NOTES, SQL_NOTES=0 */;

LOCK TABLES `api_log` WRITE;
/*!40000 ALTER TABLE `api_log` DISABLE KEYS */;
SET autocommit=0;
/*!40000 ALTER TABLE `api_log` ENABLE KEYS */;
UNLOCK TABLES;
COMMIT;

LOCK TABLES `api_rbac` WRITE;
/*!40000 ALTER TABLE `api_rbac` DISABLE KEYS */;
SET autocommit=0;
INSERT  IGNORE INTO `api_rbac` (`id_api_rbac`, `date_creation`, `description`, `model`, `action`, `body`, `query`, `method`, `scope`, `rule`, `count`, `date_modification`, `id_group_creation`, `id_creation`, `id_modification`) VALUES (1,'2020-07-23',NULL,'ApiGoat','sendEmail','{\"Email\":\"*\",\"TemplateName\":\"*\"}','',1,1,0,0,'2020-07-23 07:26:46',NULL,NULL,NULL),(2,'2020-07-23',NULL,'Authy','create','{\"Username\":\"*\",\"Fullname\":\"*\",\"PasswdHash\":\"*\",\"Email\":\"*\",\"IsRoot\":\"*\",\"Expire\":\"*\",\"Deactivate\":\"*\"}','',1,1,0,0,'2020-07-27 13:01:17',NULL,NULL,NULL),(3,'2020-07-24',NULL,'Authy','auth','{\"u\":\"*\",\"pw\":\"*\"}','',1,1,0,0,'2020-07-25 09:18:54',NULL,NULL,NULL),(23,'2020-07-27',NULL,'Authy','list','{\n    \"Query\": {\n        \"select\": [\n            \"IdAuthy\",\n            \"ValidationKey\",\n            \"Username\",\n            \"PasswdHash\",\n            \"Language\"\n        ],\n        \"table\": \"Authy\",\n        \"limit\": 1\n    },\n    \"filter\": {\n        \"Authy\": [\n            [\n                \"Username\",\n                \"*\"\n            ]\n        ]\n    },\n    \"debug\": \"*\"\n}','',1,1,0,0,'2020-07-27 13:19:48',NULL,NULL,NULL),(49,'2020-08-02',NULL,'Authy','list',NULL,NULL,0,0,0,0,'2020-08-02 05:03:05',NULL,NULL,NULL),(85,'2020-08-04',NULL,'Authy','list','{\n    \"Query\": {\n        \"select\": [\n            \"ValidationKey\",\n            \"IdAuthy\",\n            \"Email\"\n        ],\n        \"filter\": {\n            \"Authy\": [\n                [\n                    \"ValidationKey\",\n                    \"*\"\n                ]\n            ]\n        },\n        \"table\": \"Authy\",\n        \"limit\": 1\n    },\n    \"debug\": \"*\"\n}','',1,1,0,0,'2020-08-04 12:37:08',NULL,NULL,NULL),(86,'2020-08-04',NULL,'Authy','create','{\n    \"Email\": \"*\",\n    \"PasswdHash\": \"*\",\n    \"IdAuthyGroup\": \"*\",\n    \"ValidationKey\": \"*\"\n}','',1,1,0,0,'2020-08-04 12:38:44',NULL,NULL,NULL),(87,'2020-08-04',NULL,'ApiGoat','sendEmail','{\n    \"Email\": \"*\",\n    \"TemplateName\": \"*\",\n    \"debug\": \"*\"\n}','',1,1,0,0,'2020-08-04 12:39:37',NULL,NULL,NULL);
/*!40000 ALTER TABLE `api_rbac` ENABLE KEYS */;
UNLOCK TABLES;
COMMIT;

LOCK TABLES `authy` WRITE;
/*!40000 ALTER TABLE `authy` DISABLE KEYS */;
SET autocommit=0;
INSERT  IGNORE INTO `authy` (`id_authy`, `validation_key`, `username`, `fullname`, `email`, `passwd_hash`, `expire`, `deactivate`, `is_root`, `id_authy_group`, `is_system`, `rights_all`, `rights_group`, `rights_owner`, `onglet`, `date_creation`, `date_modification`, `id_group_creation`, `id_creation`, `id_modification`) VALUES (1,NULL,'apigoat',NULL,'info@apigoat.com','edf0930e4268ba35a05424729f78d305',NULL,1,0,2,1,NULL,NULL,NULL,NULL,'2023-12-02 08:56:35',NULL,NULL,NULL,NULL),(2,NULL,'sysadmin','Fred Vezina','fred@apigoat.com','edf0930e4268ba35a05424729f78d305',NULL,NULL,1,2,1,'null','null','null',NULL,'2024-02-29 19:42:38','2024-03-21 17:23:52',2,1,1),(3,NULL,'Rohan','Rohan Cook','rohan@embarkbpo.com','422d54a6f80c94c0a5c33f095a0aa3a1',NULL,NULL,1,1,1,'{\"Billing\":\"rwad\",\"BillingLine\":\"rwad\",\"PaymentLine\":\"rwad\",\"CostLine\":\"rwad\",\"Project\":\"rwad\",\"TimeLine\":\"rwad\"}','null','null',NULL,'2024-03-21 17:22:41','2024-03-21 17:23:45',2,2,2);
/*!40000 ALTER TABLE `authy` ENABLE KEYS */;
UNLOCK TABLES;
COMMIT;

LOCK TABLES `authy_group` WRITE;
/*!40000 ALTER TABLE `authy_group` DISABLE KEYS */;
SET autocommit=0;
INSERT  IGNORE INTO `authy_group` (`id_authy_group`, `name`, `desc`, `default_group`, `admin`, `rights_all`, `rights_owner`, `rights_group`, `date_creation`, `date_modification`, `id_group_creation`, `id_creation`, `id_modification`) VALUES (1,'User',NULL,1,0,NULL,NULL,NULL,'2020-07-15 20:20:19','2020-07-15 20:20:19',NULL,NULL,NULL),(2,'Admin',NULL,0,1,NULL,NULL,NULL,'2020-07-15 20:20:24','2020-07-15 20:20:24',NULL,NULL,NULL);
/*!40000 ALTER TABLE `authy_group` ENABLE KEYS */;
UNLOCK TABLES;
COMMIT;

LOCK TABLES `authy_group_x` WRITE;
/*!40000 ALTER TABLE `authy_group_x` DISABLE KEYS */;
SET autocommit=0;
INSERT  IGNORE INTO `authy_group_x` (`id_authy`, `id_authy_group`) VALUES (2,2),(3,1);
/*!40000 ALTER TABLE `authy_group_x` ENABLE KEYS */;
UNLOCK TABLES;
COMMIT;

LOCK TABLES `authy_log` WRITE;
/*!40000 ALTER TABLE `authy_log` DISABLE KEYS */;
SET autocommit=0;
INSERT  IGNORE INTO `authy_log` (`id_authy_log`, `id_authy`, `timestamp`, `login`, `userid`, `result`, `ip`, `count`) VALUES (1,NULL,'2023-12-07 19:27:37','sysadmin',NULL,'w','192.168.32.1',1),(2,1,'2023-12-07 19:27:45','apigoat',NULL,'g','192.168.32.1',NULL),(3,NULL,'2024-02-29 19:42:10','apigoat',NULL,'w','192.168.32.1',4),(4,1,'2024-02-29 19:42:15','apigoat',NULL,'g','192.168.32.1',NULL),(5,NULL,'2024-02-29 20:42:15','sysadmin',NULL,'w','192.168.32.1',1),(6,2,'2024-02-29 20:42:18','sysadmin',NULL,'g','192.168.32.1',NULL),(7,2,'2024-03-03 18:31:12','sysadmin',NULL,'g','192.168.32.1',NULL),(8,2,'2024-03-04 00:11:57','sysadmin',NULL,'g','192.168.32.1',NULL),(9,2,'2024-03-04 17:35:06','sysadmin',NULL,'g','192.168.32.1',NULL),(10,2,'2024-03-05 17:46:45','sysadmin',NULL,'g','192.168.32.1',NULL),(11,2,'2024-03-07 20:35:25','sysadmin',NULL,'g','192.168.32.1',NULL),(12,2,'2024-03-08 00:59:21','sysadmin',NULL,'g','192.168.32.1',NULL),(13,2,'2024-03-10 17:36:00','sysadmin',NULL,'g','192.168.32.1',NULL),(14,2,'2024-03-13 21:05:55','sysadmin',NULL,'g','192.168.32.1',NULL),(15,2,'2024-03-13 22:18:14','sysadmin',NULL,'g','192.168.32.1',NULL),(16,2,'2024-03-14 18:48:19','sysadmin',NULL,'g','192.168.32.1',NULL),(17,2,'2024-03-14 21:36:12','sysadmin',NULL,'g','192.168.32.1',NULL),(18,2,'2024-03-16 10:23:11','sysadmin',NULL,'g','192.168.32.1',NULL),(19,2,'2024-03-17 19:33:31','sysadmin',NULL,'g','192.168.32.1',NULL),(20,2,'2024-03-17 22:27:42','sysadmin',NULL,'g','192.168.32.1',NULL),(21,2,'2024-03-21 17:17:08','sysadmin',NULL,'g','192.168.32.1',NULL),(22,2,'2024-03-21 19:33:25','sysadmin',NULL,'g','192.168.32.1',NULL),(23,2,'2024-03-22 20:12:31','sysadmin',NULL,'g','192.168.32.1',NULL),(24,2,'2024-03-24 19:17:41','sysadmin',NULL,'g','192.168.32.1',NULL),(25,2,'2024-03-25 16:57:41','sysadmin',NULL,'g','192.168.32.1',NULL),(26,2,'2024-03-25 21:42:53','sysadmin',NULL,'g','192.168.32.1',NULL),(27,2,'2024-03-25 23:07:57','sysadmin',NULL,'g','192.168.32.1',NULL),(28,2,'2024-03-26 19:16:51','sysadmin',NULL,'g','192.168.32.1',NULL),(29,2,'2024-03-27 19:20:11','sysadmin',NULL,'g','192.168.32.1',NULL),(30,2,'2024-04-01 04:40:36','sysadmin',NULL,'g','192.168.32.1',NULL),(31,2,'2024-04-01 21:08:51','sysadmin',NULL,'g','192.168.32.1',NULL),(32,2,'2024-04-02 03:18:33','sysadmin',NULL,'g','192.168.32.1',NULL),(33,NULL,'2024-04-02 19:47:12','fred',NULL,'w','192.168.32.1',1),(34,2,'2024-04-02 19:47:16','sysadmin',NULL,'g','192.168.32.1',NULL),(35,2,'2024-04-04 18:08:54','sysadmin',NULL,'g','192.168.32.1',NULL),(36,NULL,'2024-04-08 21:11:05','sysadmin',NULL,'w','192.168.32.1',1),(37,2,'2024-04-08 21:11:08','sysadmin',NULL,'g','192.168.32.1',NULL),(38,2,'2024-04-11 21:51:01','sysadmin',NULL,'g','192.168.32.1',NULL),(39,2,'2024-04-11 22:06:54','sysadmin',NULL,'g','192.168.32.1',NULL),(40,2,'2024-04-11 22:28:46','sysadmin',NULL,'g','192.168.32.1',NULL),(41,2,'2024-04-11 22:35:42','sysadmin',NULL,'g','192.168.32.1',NULL),(42,2,'2024-04-12 03:17:24','sysadmin',NULL,'g','192.168.32.1',NULL),(43,2,'2024-04-16 21:35:54','sysadmin',NULL,'g','192.168.32.1',NULL),(44,2,'2024-04-23 23:38:05','sysadmin',NULL,'g','192.168.32.1',NULL),(45,2,'2024-04-24 01:19:46','sysadmin',NULL,'g','192.168.32.1',NULL),(46,2,'2024-04-24 23:11:00','sysadmin',NULL,'g','192.168.32.1',NULL),(47,NULL,'2024-04-25 00:44:24','sysadmin',NULL,'w','192.168.32.1',1),(48,2,'2024-04-25 00:44:27','sysadmin',NULL,'g','192.168.32.1',NULL),(49,2,'2024-04-26 10:27:18','sysadmin',NULL,'g','192.168.32.1',NULL),(50,2,'2024-05-01 04:52:13','sysadmin',NULL,'g','192.168.32.1',NULL),(51,2,'2024-05-02 05:37:07','sysadmin',NULL,'g','192.168.32.1',NULL);
/*!40000 ALTER TABLE `authy_log` ENABLE KEYS */;
UNLOCK TABLES;
COMMIT;

LOCK TABLES `billing` WRITE;
/*!40000 ALTER TABLE `billing` DISABLE KEYS */;
SET autocommit=0;
INSERT  IGNORE INTO `billing` (`id_billing`, `calc_id`, `title`, `id_client`, `id_project`, `id_billing_category`, `date`, `type`, `state`, `gross`, `tax`, `date_due`, `note_billing`, `date_paid`, `net`, `reference`, `date_creation`, `date_modification`, `id_group_creation`, `id_creation`, `id_modification`) VALUES (2,NULL,'Consult 8',1,NULL,2,NULL,1,2,3715.00,NULL,'2024-04-01','',NULL,NULL,'','2024-02-29 19:43:13','2024-04-26 11:23:47',2,1,1),(3,NULL,'Compress Store',2,NULL,NULL,'2024-03-13',0,1,1980.00,NULL,NULL,'<p>We intend to produce a landing page and a basic Shopify shop to sell one product, the compress socks.&nbsp;</p>\r\n\r\n<p>We understand this is an attempt so we will keep the cost to the minimum, but on a strong expandable base.</p>\r\n\r\n<p>The landing page will be minimal a minimal mockup provided by our graphic designer.&nbsp;</p>\r\n\r\n<p>The shop will use a free template that fit the current needs from shopify.</p>\r\n',NULL,NULL,'','2024-03-13 21:06:23','2024-04-24 10:46:14',2,2,2),(4,NULL,'Vidaifye',3,NULL,3,'2024-03-18',1,0,137.00,NULL,NULL,'',NULL,NULL,'','2024-03-17 22:33:01','2024-04-26 11:23:19',2,2,2),(5,NULL,'Compress Store',2,5,3,'2024-03-18',1,2,1299.00,NULL,'2024-04-01','',NULL,NULL,'','2024-03-21 17:20:56','2024-04-26 11:23:11',2,2,2),(6,NULL,'Project update Strideline',1,NULL,NULL,NULL,1,4,13920.00,NULL,NULL,'',NULL,13920.00,'','2024-03-26 19:19:06','2024-04-25 09:21:59',2,2,2),(7,NULL,'Compress Store 2',2,5,3,'2024-04-03',1,2,810.00,81.00,NULL,'',NULL,NULL,'','2024-04-02 22:30:35','2024-05-03 12:21:40',2,2,2),(8,NULL,'Consult 9',1,NULL,NULL,'2024-04-01',1,2,330.00,NULL,NULL,'',NULL,NULL,'','2024-04-08 21:11:39','2024-05-03 12:22:01',2,2,2),(9,NULL,'consult 7',1,NULL,NULL,'2024-02-02',1,4,715.00,NULL,NULL,'','2024-03-02',715.00,'','2024-04-25 08:56:02','2024-04-25 09:22:28',2,2,2),(10,NULL,'consult 6',1,NULL,NULL,'2023-12-07',1,4,6105.00,NULL,NULL,'','2024-01-07',6105.00,'','2024-04-25 08:58:19','2024-04-25 09:22:16',2,2,2),(11,NULL,'Consult 4',1,NULL,NULL,'2023-10-05',1,4,NULL,NULL,NULL,NULL,'2023-11-05',4917.50,'','2024-04-25 09:24:50','2024-04-25 09:24:50',2,2,2),(13,NULL,'consult 5',1,NULL,NULL,'2023-11-04',0,4,NULL,NULL,NULL,'','2023-12-04',7225.00,'','2024-04-25 09:27:03','2024-04-25 09:27:10',2,2,2),(14,NULL,'IT consult 2',6,NULL,NULL,'2023-07-13',1,4,300.00,NULL,NULL,NULL,'2023-08-13',1237.00,'','2024-04-25 09:27:56','2024-04-26 11:15:58',2,2,2),(15,NULL,'All in all',7,NULL,2,'2022-11-30',1,2,11410.00,NULL,'2024-02-01','',NULL,NULL,'','2024-04-26 10:14:15','2024-04-26 11:24:25',2,2,2),(16,NULL,'Support',7,NULL,2,'2023-12-05',1,0,2075.00,0.00,NULL,NULL,NULL,NULL,'','2024-04-26 10:15:18','2024-05-06 05:27:15',2,2,2),(17,NULL,'Site Web',4,NULL,3,'2024-01-25',1,0,343.00,NULL,NULL,NULL,NULL,NULL,'','2024-04-26 10:19:37','2024-04-26 10:21:17',2,2,2),(18,NULL,'part 3',5,NULL,NULL,'2023-03-17',1,4,420.00,NULL,NULL,'','2023-04-17',750.00,'','2024-04-26 11:10:21','2024-04-26 11:13:32',2,2,2),(19,NULL,'part 2',5,NULL,3,'2023-03-06',1,4,NULL,NULL,NULL,NULL,'2023-04-06',1570.00,'','2024-04-26 11:11:22','2024-04-26 11:11:22',2,2,2),(20,NULL,'hosting',6,NULL,4,'2024-01-23',1,4,NULL,NULL,NULL,NULL,'2024-02-23',600.00,'','2024-04-26 11:14:51','2024-04-26 11:14:51',2,2,2),(21,NULL,'hosting',1,1,4,'2024-05-06',1,0,440.00,0.00,NULL,NULL,NULL,NULL,'','2024-05-06 05:24:34','2024-05-06 05:25:59',2,2,2);
/*!40000 ALTER TABLE `billing` ENABLE KEYS */;
UNLOCK TABLES;
COMMIT;

LOCK TABLES `billing_category` WRITE;
/*!40000 ALTER TABLE `billing_category` DISABLE KEYS */;
SET autocommit=0;
INSERT  IGNORE INTO `billing_category` (`id_billing_category`, `name`, `date_creation`, `date_modification`, `id_group_creation`, `id_creation`, `id_modification`) VALUES (1,'Support','2024-04-26 10:06:48','2024-04-26 10:06:48',2,2,2),(2,'Consultation','2024-04-26 10:06:57','2024-04-26 10:06:57',2,2,2),(3,'Programming','2024-04-26 10:07:06','2024-04-26 10:07:06',2,2,2),(4,'Hosting','2024-04-26 10:07:13','2024-04-26 10:07:13',2,2,2);
/*!40000 ALTER TABLE `billing_category` ENABLE KEYS */;
UNLOCK TABLES;
COMMIT;

LOCK TABLES `billing_line` WRITE;
/*!40000 ALTER TABLE `billing_line` DISABLE KEYS */;
SET autocommit=0;
INSERT  IGNORE INTO `billing_line` (`id_billing_line`, `id_billing`, `calc_id`, `id_assign`, `id_project`, `title`, `work_date`, `quantity`, `amount`, `total`, `id_billing_category`, `note_billing_ligne`, `date_creation`, `date_modification`, `id_group_creation`, `id_creation`, `id_modification`) VALUES (3,2,NULL,1,1,'','2024-02-22',1.00,55.00,55.00,NULL,'<p>Prepare Migration</p>\r\n','2024-02-29 19:44:09','2024-03-13 21:28:02',2,1,1),(4,2,NULL,1,4,'','2024-02-16',4.00,55.00,220.00,NULL,'<p>Review and test for backup solution for O365<br />\r\nPrepare comparative table and recommand solutions</p>\r\n','2024-02-29 19:45:07','2024-03-25 21:44:22',2,1,1),(5,2,NULL,1,3,'','2024-03-01',0.50,55.00,27.00,NULL,'<p>Debug Neely / Nikhil call report</p>\r\n','2024-02-29 19:45:56','2024-03-26 19:20:31',2,1,1),(6,2,NULL,1,4,'','2024-03-01',1.00,55.00,55.00,NULL,'<p>Latest version &quot;New hire&quot;</p>\r\n','2024-02-29 20:42:46','2024-03-13 22:18:23',2,1,2),(7,2,NULL,1,3,'','2024-03-04',2.00,55.00,110.00,NULL,'<p>Research for the archpaths project</p>\r\n','2024-03-04 17:36:13','2024-03-13 22:18:26',2,1,2),(8,2,NULL,1,2,'','2024-03-07',3.00,55.00,165.00,NULL,'<p>Review latest changes Cleanup DB research for requirements</p>\r\n','2024-03-07 20:36:01','2024-03-25 17:32:44',2,1,2),(9,2,NULL,1,3,'','2024-03-08',1.50,55.00,82.00,NULL,'<p>Shopify link search in Excel for Lauren</p>\r\n','2024-03-08 00:59:58','2024-03-13 22:18:32',2,1,2),(10,2,NULL,1,1,'','2024-03-10',2.00,55.00,110.00,NULL,'<p>Preparation for the images convertion + backup setup</p>\r\n','2024-03-10 17:36:46','2024-03-13 22:18:35',2,1,2),(11,2,NULL,1,5,'','2024-03-10',0.50,55.00,27.00,NULL,'<p>Project management setup, check for requirements</p>\r\n','2024-03-10 17:47:30','2024-03-13 22:18:45',2,1,2),(12,2,NULL,1,2,'','2024-03-13',3.00,55.00,165.00,NULL,'<p>Correction cart<br />\r\nAdded minimum order<br />\r\nchange messages for Min items<br />\r\nAdded loader on delete<br />\r\nFix custom quantities<br />\r\n&nbsp;</p>\r\n','2024-03-13 22:20:57','2024-03-13 22:20:57',2,2,2),(13,2,NULL,1,1,'','2024-03-13',1.00,55.00,55.00,NULL,'<p>Fix loading bug<br />\r\nFix emails</p>\r\n','2024-03-13 22:21:31','2024-03-13 22:21:31',2,2,2),(14,2,NULL,1,4,'','2024-03-13',0.50,55.00,27.00,NULL,'<p>Update on Hiring policy</p>\r\n','2024-03-13 22:22:12','2024-03-13 22:22:12',2,2,2),(15,3,NULL,NULL,NULL,'Graphic design','2024-03-13',10.00,55.00,550.00,NULL,'<p>Cut images for shop</p>\r\n\r\n<p>Minimal landing page design</p>\r\n','2024-03-13 22:22:38','2024-03-13 22:25:25',2,2,2),(16,3,NULL,NULL,NULL,'Landing page creation','2024-03-13',10.00,55.00,550.00,NULL,'<p>Create a basic landing page on existing wordpress hosting</p>\r\n','2024-03-13 22:24:23','2024-03-13 22:27:06',2,2,2),(17,3,NULL,NULL,NULL,'Base setup Shopify','2024-03-13',12.00,55.00,660.00,NULL,'<p>Setup product, product variant, inventory, shipping, paiement, taxes, etc...</p>\r\n','2024-03-13 22:24:54','2024-03-13 22:27:32',2,2,2),(18,3,NULL,NULL,NULL,'SEO optimization','2024-03-13',4.00,55.00,220.00,NULL,'<p>Keyword research, On-Page SEO, Technical SEO, etc...</p>\r\n','2024-03-13 22:26:06','2024-03-13 22:28:02',2,2,2),(19,2,NULL,1,1,'','2024-03-14',2.00,55.00,110.00,NULL,'<p>Debug and backup</p>\r\n','2024-03-14 21:36:50','2024-03-14 21:36:50',2,2,2),(20,2,NULL,1,4,'','2024-03-14',1.00,55.00,55.00,NULL,'<p>finalize new hire</p>\r\n\r\n<p>start termination</p>\r\n','2024-03-14 21:37:16','2024-04-01 04:41:47',2,2,2),(21,2,NULL,1,3,'','2024-03-14',0.50,55.00,27.00,NULL,'<p>Ringcentral</p>\r\n','2024-03-14 21:38:12','2024-03-14 21:38:12',2,2,2),(22,2,NULL,1,3,'','2024-03-15',7.00,55.00,385.00,NULL,'<p>NOP problems</p>\r\n','2024-03-17 19:34:10','2024-03-17 19:34:34',2,2,2),(23,4,NULL,1,NULL,'Microdata','2024-03-17',2.50,55.00,137.00,NULL,'<p>Added video microdata</p>\r\n','2024-03-17 22:33:28','2024-03-17 22:33:42',2,2,2),(24,2,NULL,1,3,'','2024-03-20',3.00,55.00,165.00,NULL,'<p>Nop user support and diplomacy</p>\r\n','2024-03-21 17:17:32','2024-03-21 17:17:49',2,2,2),(25,2,NULL,1,3,'','2024-03-21',5.00,55.00,275.00,NULL,'<p>Fixed Parridhi browser&#39;s problem<br />\r\nHelp Rafael and Lauren wioth SKU creation problem</p>\r\n','2024-03-21 17:18:43','2024-03-21 17:18:51',2,2,2),(26,2,NULL,1,3,'','2024-03-19',1.00,55.00,55.00,NULL,'<p>Help with O365 problem</p>\r\n','2024-03-21 17:20:22','2024-03-21 17:20:22',2,2,2),(27,5,NULL,1,5,'','2024-03-20',1.00,750.00,750.00,NULL,'<p>Setup shop and design</p>\r\n','2024-03-21 17:21:12','2024-04-01 04:41:02',2,2,2),(28,5,NULL,1,5,'','2024-03-21',0.50,55.00,27.00,NULL,'<p>Meeting Rohan</p>\r\n','2024-03-21 17:22:19','2024-03-21 17:22:19',2,2,2),(29,5,NULL,2,5,'','2024-03-21',0.50,55.00,27.00,NULL,'<p>Meeting</p>\r\n','2024-03-21 17:24:16','2024-03-21 17:24:16',2,2,2),(30,2,NULL,1,1,'','2024-03-21',2.00,55.00,110.00,NULL,'<p>Research on potential impacts to removing the proxy and load balancing routes</p>\r\n','2024-03-21 17:59:54','2024-03-21 17:59:54',2,2,2),(31,2,NULL,1,3,'','2024-03-25',1.00,55.00,55.00,NULL,'<p>Remove Proxy</p>\r\n','2024-03-25 16:58:12','2024-03-25 16:58:12',2,2,2),(32,2,NULL,1,4,'','2024-03-25',2.00,55.00,110.00,NULL,'<p>Prepare solution for Office 365</p>\r\n','2024-03-25 16:58:57','2024-03-25 17:32:07',2,2,2),(33,2,NULL,1,1,'','2024-03-01',4.00,55.00,220.00,NULL,'<p>NOP temporary backup solution for config, code and images<br />\r\nsetup with Syncthing</p>\r\n','2024-03-25 23:10:33','2024-03-25 23:11:44',2,2,2),(34,6,NULL,1,1,'','2024-03-26',1.00,10350.00,10350.00,NULL,NULL,'2024-03-26 19:19:55','2024-03-26 19:19:55',2,2,2),(35,6,NULL,1,2,'','2024-03-26',1.00,3570.00,3570.00,NULL,NULL,'2024-03-26 19:20:09','2024-03-26 19:20:09',2,2,2),(36,5,NULL,1,5,'','2024-03-22',4.00,55.00,220.00,NULL,'<p>improve landing page</p>\r\n','2024-03-27 19:20:56','2024-03-27 19:21:18',2,2,2),(37,5,NULL,1,5,'','2024-03-25',5.00,55.00,275.00,NULL,'<p>Advanced settings Shopify</p>\r\n','2024-03-27 19:21:55','2024-03-27 19:21:59',2,2,2),(38,2,NULL,1,1,'','2024-03-31',10.00,105.00,1050.00,NULL,'<p>Code fix for bad seesion management (old bug)</p>\r\n','2024-04-01 21:10:11','2024-04-01 21:10:11',2,2,2),(39,7,NULL,1,5,'','2024-04-02',1.00,55.00,55.00,NULL,'<p>product images</p>\r\n','2024-04-02 22:31:04','2024-04-02 22:31:08',2,2,2),(40,7,NULL,1,5,'','2024-04-03',1.50,55.00,82.00,NULL,'<p>Setup domain and domain validations</p>\r\n','2024-04-02 22:31:28','2024-05-03 07:08:09',2,2,2),(41,8,NULL,1,1,'','2024-04-08',5.00,55.00,275.00,NULL,'<p>Patched NOP for old bug</p>\r\n','2024-04-08 21:12:05','2024-04-08 21:12:17',2,2,2),(42,8,NULL,1,4,'','2024-04-08',1.00,55.00,55.00,NULL,'<p>closed all project</p>\r\n','2024-04-08 21:12:36','2024-04-08 21:12:36',2,2,2),(44,7,NULL,1,5,'','2024-04-12',2.00,55.00,110.00,NULL,'<p>Connect ShipStation<br />\r\nAdded Custom sublimation product<br />\r\ntest</p>\r\n','2024-04-11 21:51:45','2024-04-11 21:51:45',2,2,2),(45,9,NULL,1,NULL,'','2024-04-25',1.00,715.00,715.00,NULL,NULL,'2024-04-25 08:57:29','2024-04-25 08:57:29',2,2,2),(46,10,NULL,1,NULL,'','2024-04-25',1.00,6105.00,6105.00,NULL,NULL,'2024-04-25 08:58:35','2024-04-25 08:58:35',2,2,2),(47,15,NULL,1,NULL,'','2024-04-26',1.00,10930.00,10930.00,NULL,'','2024-04-26 10:14:36','2024-04-26 11:18:23',2,2,2),(48,16,NULL,NULL,NULL,'','2024-01-18',5.00,55.00,275.00,NULL,'<p>maintenance google ad</p>\r\n','2024-04-26 10:15:42','2024-04-26 10:15:42',2,2,2),(49,16,NULL,1,NULL,'Hebergement','2024-01-01',12.00,40.00,480.00,4,'<p>Hebergement gere logiciel et site web + backup<br />\r\nnom de domaine<br />\r\n12 mois</p>\r\n','2024-04-26 10:16:03','2024-04-26 11:17:00',2,2,2),(50,16,NULL,NULL,NULL,'','2023-12-22',3.00,55.00,165.00,NULL,'<p>Update signature responsive<br />\r\nChangement entete site web nouvelle video</p>\r\n','2024-04-26 10:16:34','2024-04-26 10:16:34',2,2,2),(51,16,NULL,NULL,NULL,'','2023-11-30',4.00,55.00,220.00,NULL,'<p>Changement site web<br />\r\nGestion cmpagne Google Ad</p>\r\n','2024-04-26 10:16:52','2024-04-26 10:16:52',2,2,2),(52,16,NULL,NULL,NULL,'','2024-02-01',4.00,55.00,220.00,NULL,'<p>google ad</p>\r\n','2024-04-26 10:17:31','2024-04-26 10:17:31',2,2,2),(53,16,NULL,NULL,NULL,'','2024-03-01',5.00,55.00,275.00,NULL,'<p>google ad</p>\r\n','2024-04-26 10:17:48','2024-05-06 05:27:15',2,2,2),(54,16,NULL,NULL,NULL,'','2024-04-01',4.00,55.00,220.00,NULL,'<p>google ad</p>\r\n','2024-04-26 10:18:02','2024-04-26 10:18:02',2,2,2),(55,17,NULL,NULL,NULL,'','2024-02-15',1.00,99.00,99.00,NULL,'<p>Theme</p>\r\n','2024-04-26 10:19:52','2024-04-26 10:21:02',2,2,2),(56,17,NULL,NULL,NULL,'','2024-02-15',12.00,10.00,120.00,NULL,'<p>Hosting</p>\r\n','2024-04-26 10:20:15','2024-04-26 10:21:07',2,2,2),(57,17,NULL,NULL,NULL,'','2024-02-15',1.00,99.00,99.00,NULL,'<p>Elementor</p>\r\n','2024-04-26 10:20:32','2024-04-26 10:21:17',2,2,2),(58,17,NULL,NULL,NULL,'','2024-02-15',1.00,25.00,25.00,NULL,'<p>Domain name</p>\r\n','2024-04-26 10:20:43','2024-04-26 10:21:13',2,2,2),(59,18,NULL,1,NULL,'Hosting','2024-04-26',12.00,35.00,420.00,4,NULL,'2024-04-26 11:13:32','2024-04-26 11:13:32',2,2,2),(60,14,NULL,1,NULL,'Hosting','2023-08-30',12.00,25.00,300.00,4,'','2024-04-26 11:15:36','2024-04-26 11:15:58',2,2,2),(61,15,NULL,NULL,NULL,'','2024-04-26',12.00,40.00,480.00,4,NULL,'2024-04-26 11:18:02','2024-04-26 11:18:02',2,2,2),(64,7,NULL,NULL,NULL,'','2024-04-26',8.00,60.00,480.00,NULL,'<p>Shopify hosting - until december 31 2024</p>\r\n','2024-04-26 11:21:35','2024-05-02 05:44:41',2,2,2),(65,7,NULL,NULL,NULL,'','2024-04-25',1.00,55.00,55.00,NULL,'<p>pm</p>\r\n','2024-04-26 11:22:15','2024-04-26 11:22:22',2,2,2),(66,21,NULL,1,NULL,'Backup Server','2024-05-06',8.00,55.00,440.00,NULL,'<p>Backup hosting for NOP 700Gig<br />\r\nmars-dec 2024</p>\r\n','2024-05-06 05:25:17','2024-05-06 05:25:59',2,2,2),(67,16,NULL,1,NULL,'','2024-05-01',4.00,55.00,220.00,NULL,'<p>google ad maintenance</p>\r\n','2024-05-06 05:26:56','2024-05-06 05:27:07',2,2,2);
/*!40000 ALTER TABLE `billing_line` ENABLE KEYS */;
UNLOCK TABLES;
COMMIT;

LOCK TABLES `client` WRITE;
/*!40000 ALTER TABLE `client` DISABLE KEYS */;
SET autocommit=0;
INSERT  IGNORE INTO `client` (`id_client`, `name`, `id_country`, `phone`, `phone_work`, `ext`, `email`, `contact`, `email2`, `phone_mobile`, `website`, `address_1`, `address_2`, `address_3`, `zip`, `date_creation`, `date_modification`, `id_group_creation`, `id_creation`, `id_modification`) VALUES (1,'Strideline',153,'1 (206) 734-6870','','','','','','',NULL,'','','','','2023-12-03 21:06:01','2024-04-25 08:52:50',2,1,1),(2,'UET (Moose Logistics Services)',162,'(045)-499-3008','','','info@uet-intl.com','','','',NULL,'Building N7111 Panday Pira Avenue, Clark Freeport Zone Clarkfield Pampanga, Philippines','','','','2024-03-14 00:11:54','2024-04-25 08:54:27',2,2,2),(3,'Vidifye',153,'1 (631) 220-0735','','','','Tim','x9blade@hotmail.com','',NULL,'44 Jensen Rd.\r\nBay Shore, New York 11706\r\nUS','','','','2024-03-17 22:32:37','2024-04-26 10:11:03',2,2,2),(4,'Assemblage Expert',167,'1 (418) 931-8530','','','','','','',NULL,'','','','','2024-04-18 10:48:11','2024-04-25 08:52:22',2,2,2),(5,'ECG Electrical Victoria',6,'49 042 365-6189','','','info@ecgelectrical.com','','','',NULL,'','','','','2024-04-18 10:48:36','2024-04-25 08:52:41',2,2,2),(6,'8th Sense Medical	',165,'1 (514) 809-1868','','','','Nick','ngiguere@8thsense.ca','',NULL,NULL,NULL,NULL,'','2024-04-25 08:51:55','2024-04-25 08:51:55',2,2,2),(7,'Elite Toiture',165,'1 (418) 476-6106','','','','Jimmy','','',NULL,NULL,NULL,NULL,'','2024-04-26 10:12:01','2024-04-26 10:12:01',2,2,2);
/*!40000 ALTER TABLE `client` ENABLE KEYS */;
UNLOCK TABLES;
COMMIT;

LOCK TABLES `config` WRITE;
/*!40000 ALTER TABLE `config` DISABLE KEYS */;
SET autocommit=0;
INSERT  IGNORE INTO `config` (`id_config`, `category`, `config`, `value`, `system`, `description`, `type`, `date_creation`, `date_modification`, `id_group_creation`, `id_creation`, `id_modification`) VALUES (1,0,'app_status','prod',0,'Set dev or prod. It will deactivate debug log and set the RBAC to default Deny.','string',NULL,'2024-03-03 18:49:59',2,2,2),(2,0,'app_name','Billboy',0,'Sets the title.','string',NULL,'2024-04-26 10:32:05',2,2,2),(3,1,'api_ips','[\"192.168.0.10\"]',0,'Sets the ip address(es) allowed to access the API. Affect the CORS.','json_array','0000-00-00 00:00:00','2023-12-02 08:53:29',2,NULL,NULL),(4,0,'email_host','localhost',0,'','string','0000-00-00 00:00:00','2023-12-02 08:53:29',2,NULL,NULL),(5,0,'email_username','',0,'','string','0000-00-00 00:00:00','2023-12-02 08:53:29',NULL,NULL,NULL),(6,0,'email_password','',0,'','string','0000-00-00 00:00:00','2023-12-02 08:53:29',NULL,NULL,NULL),(7,0,'email_port','',0,'','string','0000-00-00 00:00:00','2023-12-02 08:53:29',2,NULL,NULL),(8,0,'email_protocol','SMTPS',0,'One of \"STARTTLS, SMTPS, SMTP\"','string','0000-00-00 00:00:00','2023-12-02 08:53:29',NULL,NULL,NULL),(9,0,'email_from','goatcheese@apigoat.com',0,'','string','0000-00-00 00:00:00','2023-12-02 08:53:29',2,NULL,NULL),(10,1,'app_gui_url','http://localhost:3000/',0,'The url where resides you GUI app ending with slash (/).','string','0000-00-00 00:00:00','2023-12-02 08:53:29',2,NULL,NULL),(12,2,'vendor_logo','/public/img/icon.png',0,'The url of the vendor small logo icon.','string',NULL,'2024-04-26 10:35:01',2,2,2),(13,2,'vendor_logo_login','/public/img/icon.png',0,'The url of the vendor logo.','string',NULL,'2024-04-26 10:35:08',2,2,2),(14,2,'vendor_url','https://apigoat.com',0,'The url for the logo link.','string',NULL,'2024-04-26 10:35:16',2,2,2),(15,2,'app_max_per_page','50',NULL,'Define the number of item to display per page.',NULL,'2020-08-26 07:56:30','2024-04-26 10:34:28',2,2,2),(16,2,'app_child_max_per_page','25',NULL,'Define the number of item to display per page in Child lists.',NULL,'2020-08-26 07:57:01','2024-04-26 10:34:33',2,1,1),(17,2,'billing_default_unit_amount','55.00',NULL,'Amount by default in Billing',NULL,'2024-04-26 10:23:47','2024-04-26 10:38:04',2,2,2),(18,0,'billing_tax_1','0',NULL,'',NULL,'2024-05-02 05:37:45','2024-05-02 05:45:03',2,2,2);
/*!40000 ALTER TABLE `config` ENABLE KEYS */;
UNLOCK TABLES;
COMMIT;

LOCK TABLES `cost_line` WRITE;
/*!40000 ALTER TABLE `cost_line` DISABLE KEYS */;
SET autocommit=0;
INSERT  IGNORE INTO `cost_line` (`id_cost_line`, `id_billing`, `calc_id`, `title`, `id_supplier`, `invoice_no`, `id_project`, `id_billing_category`, `spend_date`, `recuring`, `renewal_date`, `quantity`, `amount`, `total`, `bill`, `note_billing_ligne`, `date_creation`, `date_modification`, `id_group_creation`, `id_creation`, `id_modification`) VALUES (1,7,NULL,'Picture taking',NULL,'',NULL,NULL,'2024-04-05',0,NULL,1.00,55.00,55.00,0,NULL,'2024-05-01 13:14:40','2024-05-01 13:14:40',2,2,2),(2,NULL,NULL,'Hosting',1,'23927507',NULL,4,'2024-05-01',1,NULL,1.00,53.43,53.00,0,'','2024-05-01 13:21:18','2024-05-01 13:21:38',2,2,2),(3,NULL,NULL,'Hosting',1,'23636802',NULL,4,'2024-04-01',1,NULL,1.00,54.97,54.00,0,NULL,'2024-05-01 13:23:11','2024-05-01 13:23:11',2,2,2),(4,NULL,NULL,'Hosting',1,'23343446',NULL,4,'2024-03-01',1,NULL,1.00,66.93,66.00,0,'','2024-05-01 13:24:56','2024-05-01 13:25:04',2,2,2),(5,NULL,NULL,'Hosting',1,'23046416',NULL,4,'2024-02-01',1,NULL,1.00,328.89,328.00,0,NULL,'2024-05-01 13:25:42','2024-05-01 13:25:42',2,2,2),(6,NULL,NULL,'Hosting',1,'22738264',NULL,4,'2024-01-01',1,NULL,1.00,470.34,470.00,0,'','2024-05-01 13:26:16','2024-05-01 13:26:23',2,2,2),(7,NULL,NULL,'Hosting',1,'22468067',NULL,4,'2023-12-01',0,NULL,1.00,56.00,56.00,0,'windows licence','2024-05-06 05:28:48','2024-05-06 05:29:24',2,2,2),(8,NULL,NULL,'Hosting',1,'22438883',NULL,4,'2023-12-01',0,NULL,1.00,171.32,171.00,0,'','2024-05-06 05:30:06','2024-05-06 05:30:28',2,2,2),(9,NULL,NULL,'Hosting',1,'22221957',NULL,4,'2023-11-01',0,NULL,1.00,144.06,144.00,0,NULL,'2024-05-06 05:31:42','2024-05-06 05:31:42',2,2,2),(10,NULL,NULL,'Ajay Chauhan',2,'',NULL,3,'2023-10-30',0,NULL,1.00,564.90,564.00,0,'NOP','2024-05-06 05:41:01','2024-05-06 05:41:01',2,2,2),(11,NULL,NULL,'Ajay Chauhan',2,'',NULL,3,'2023-10-16',0,NULL,1.00,317.95,317.00,0,'NOP','2024-05-06 05:41:37','2024-05-06 05:41:37',2,2,2),(12,NULL,NULL,'Rajan Kumar',2,'',NULL,3,'2023-10-30',0,NULL,1.00,567.85,567.00,0,'Shopify','2024-05-06 05:42:10','2024-05-06 05:42:16',2,2,2),(13,NULL,NULL,'Jaybee Montejo',2,'',NULL,3,'2023-11-27',0,NULL,1.00,46.67,46.00,0,'Shopify','2024-05-06 05:43:15','2024-05-06 05:43:15',2,2,2),(14,NULL,NULL,'Rajan Kumar',2,'',NULL,3,'2023-11-06',0,NULL,1.00,460.00,460.00,0,'Shopify','2024-05-06 05:43:47','2024-05-06 05:46:20',2,2,2),(15,NULL,NULL,'Ajay Chauhan',2,'',NULL,3,'2023-11-06',0,NULL,1.00,315.00,315.00,0,'NOP','2024-05-06 05:44:11','2024-05-06 05:47:25',2,2,2),(16,NULL,NULL,'Jaybee Montejo',2,'',NULL,3,'2023-12-04',0,NULL,1.00,283.00,283.00,0,'Shopify','2024-05-06 05:48:36','2024-05-06 05:48:49',2,2,2),(17,NULL,NULL,'Muhammad Nader',2,'',NULL,3,'2023-12-18',0,NULL,1.00,168.00,168.00,0,'NOP','2024-05-06 05:49:20','2024-05-06 05:49:40',2,2,2);
/*!40000 ALTER TABLE `cost_line` ENABLE KEYS */;
UNLOCK TABLES;
COMMIT;

LOCK TABLES `country` WRITE;
/*!40000 ALTER TABLE `country` DISABLE KEYS */;
SET autocommit=0;
INSERT  IGNORE INTO `country` (`id_country`, `name`, `code`, `timezone`, `timezone_code`, `priority`, `date_creation`, `date_modification`, `id_group_creation`, `id_creation`, `id_modification`) VALUES (1,'United Arab Emirates','AE','+04:00','Asia/Dubai',NULL,NULL,NULL,NULL,NULL,NULL),(2,'Armenia','AM','+04:00','Asia/Yerevan',NULL,NULL,NULL,NULL,NULL,NULL),(3,'Angola','AO','+01:00','Africa/Luanda',NULL,NULL,NULL,NULL,NULL,NULL),(4,'Argentina','AR','-03:00','America/Argentina/Ushuaia',NULL,NULL,NULL,NULL,NULL,NULL),(5,'Austria','AT','+02:00','Europe/Vienna',NULL,NULL,NULL,NULL,NULL,NULL),(6,'Australia','AU','+10:00','Australia/Sydney',NULL,NULL,NULL,NULL,NULL,NULL),(7,'Bangladesh','BD','+06:00','Asia/Dhaka',NULL,NULL,NULL,NULL,NULL,NULL),(8,'Belgium','BE','+02:00','Europe/Brussels',NULL,NULL,NULL,NULL,NULL,NULL),(9,'Bulgaria','BG','+03:00','Europe/Sofia',NULL,NULL,NULL,NULL,NULL,NULL),(10,'Bahrain','BH','+03:00','Asia/Bahrain',NULL,NULL,NULL,NULL,NULL,NULL),(11,'Benin','BJ','+01:00','Africa/Porto-Novo',NULL,NULL,NULL,NULL,NULL,NULL),(12,'Bermuda','BM','-03:00','Atlantic/Bermuda',NULL,NULL,NULL,NULL,NULL,NULL),(13,'Bolivia','BO','-04:00','America/La_Paz',NULL,NULL,NULL,NULL,NULL,NULL),(14,'Brazil','BR','-03:00','America/Sao_Paulo',NULL,NULL,NULL,NULL,NULL,NULL),(15,'Bahamas','BS','-04:00','America/Nassau',NULL,NULL,NULL,NULL,NULL,NULL),(16,'Botswana','BW','+02:00','Africa/Gaborone',NULL,NULL,NULL,NULL,NULL,NULL),(17,'Belarus','BY','+03:00','Europe/Minsk',NULL,NULL,NULL,NULL,NULL,NULL),(18,'Belize','BZ','-06:00','America/Belize',NULL,NULL,NULL,NULL,NULL,NULL),(19,'Congo','','+01:00','Etc/GMT+1',NULL,NULL,NULL,NULL,NULL,NULL),(20,'Switzerland','CH','+02:00','Europe/Zurich',NULL,NULL,NULL,NULL,NULL,NULL),(21,'Ivory Coast','CI','00:00','Africa/Abidjan',NULL,NULL,NULL,NULL,NULL,NULL),(22,'Chile','CL','-06:00','Pacific/Easter',NULL,NULL,NULL,NULL,NULL,NULL),(23,'Cameroon','CM','+01:00','Africa/Douala',NULL,NULL,NULL,NULL,NULL,NULL),(24,'China','CN','+06:00','Asia/Urumqi',NULL,NULL,NULL,NULL,NULL,NULL),(25,'Colombia','CO','-05:00','America/Bogota',NULL,NULL,NULL,NULL,NULL,NULL),(26,'Costa Rica','CR','-06:00','America/Costa_Rica',NULL,NULL,NULL,NULL,NULL,NULL),(27,'Cuba','CU','-04:00','America/Havana',NULL,NULL,NULL,NULL,NULL,NULL),(28,'Cyprus','CY','+03:00','Asia/Nicosia',NULL,NULL,NULL,NULL,NULL,NULL),(29,'Czech Republic','CZ','+02:00','Europe/Prague',NULL,NULL,NULL,NULL,NULL,NULL),(30,'Germany','DE','+02:00','Europe/Busingen',NULL,NULL,NULL,NULL,NULL,NULL),(31,'Denmark','DK','+02:00','Europe/Copenhagen',NULL,NULL,NULL,NULL,NULL,NULL),(32,'Dominican Republic','DO','-04:00','America/Santo_Domingo',NULL,NULL,NULL,NULL,NULL,NULL),(33,'Algeria','DZ','+01:00','Africa/Algiers',NULL,NULL,NULL,NULL,NULL,NULL),(34,'Ecuador','EC','-06:00','Pacific/Galapagos',NULL,NULL,NULL,NULL,NULL,NULL),(35,'Estonia','EE','+03:00','Europe/Tallinn',NULL,NULL,NULL,NULL,NULL,NULL),(36,'Egypt','EG','+02:00','Africa/Cairo',NULL,NULL,NULL,NULL,NULL,NULL),(37,'Eritrea','ER','+03:00','Africa/Asmara',NULL,NULL,NULL,NULL,NULL,NULL),(38,'Spain','ES','+02:00','Europe/Madrid',NULL,NULL,NULL,NULL,NULL,NULL),(39,'Ethiopia','ET','+03:00','Africa/Addis_Ababa',NULL,NULL,NULL,NULL,NULL,NULL),(40,'Finland','FI','+03:00','Europe/Helsinki',NULL,NULL,NULL,NULL,NULL,NULL),(41,'Fiji','FJ','+12:00','Pacific/Fiji',NULL,NULL,NULL,NULL,NULL,NULL),(42,'France','FR','+02:00','Europe/Paris',NULL,NULL,NULL,NULL,NULL,NULL),(43,'Gabon','GA','+01:00','Africa/Libreville',NULL,NULL,NULL,NULL,NULL,NULL),(44,'United Kingdom','GB','+01:00','Europe/London',NULL,NULL,NULL,NULL,NULL,NULL),(45,'Grenada','GD','-04:00','America/Grenada',NULL,NULL,NULL,NULL,NULL,NULL),(46,'Georgia','GE','+04:00','Asia/Tbilisi',NULL,NULL,NULL,NULL,NULL,NULL),(47,'Guernsey','GG','+01:00','Europe/Guernsey',NULL,NULL,NULL,NULL,NULL,NULL),(48,'Ghana','GH','00:00','Africa/Accra',NULL,NULL,NULL,NULL,NULL,NULL),(49,'Gibraltar','GI','+02:00','Europe/Gibraltar',NULL,NULL,NULL,NULL,NULL,NULL),(50,'Greenland','GL','-03:00','America/Thule',NULL,NULL,NULL,NULL,NULL,NULL),(51,'Gambia','GM','00:00','Africa/Banjul',NULL,NULL,NULL,NULL,NULL,NULL),(52,'Guadeloupe','GP','-04:00','America/Guadeloupe',NULL,NULL,NULL,NULL,NULL,NULL),(53,'Greece','GR','+03:00','Europe/Athens',NULL,NULL,NULL,NULL,NULL,NULL),(54,'Guatemala','GT','-06:00','America/Guatemala',NULL,NULL,NULL,NULL,NULL,NULL),(55,'Guyana','GY','-04:00','America/Guyana',NULL,NULL,NULL,NULL,NULL,NULL),(56,'Hong Kong','HK','+08:00','Asia/Hong_Kong',NULL,NULL,NULL,NULL,NULL,NULL),(57,'Honduras','HN','-06:00','America/Tegucigalpa',NULL,NULL,NULL,NULL,NULL,NULL),(58,'Croatia','HR','+02:00','Europe/Zagreb',NULL,NULL,NULL,NULL,NULL,NULL),(59,'Haiti','HT','-04:00','America/Port-au-Prince',NULL,NULL,NULL,NULL,NULL,NULL),(60,'Hungary','HU','+02:00','Europe/Budapest',NULL,NULL,NULL,NULL,NULL,NULL),(61,'Indonesia','ID','+07:00','Asia/Pontianak',NULL,NULL,NULL,NULL,NULL,NULL),(62,'Ireland','IE','+01:00','Europe/Dublin',NULL,NULL,NULL,NULL,NULL,NULL),(63,'Israel','IL','+03:00','Asia/Jerusalem',NULL,NULL,NULL,NULL,NULL,NULL),(64,'Isle of man','','+01:00','Etc/GMT+1',NULL,NULL,NULL,NULL,NULL,NULL),(65,'Iraq','IQ','+03:00','Asia/Baghdad',NULL,NULL,NULL,NULL,NULL,NULL),(66,'Iran','IR','+04:30','Asia/Tehran',NULL,NULL,NULL,NULL,NULL,NULL),(67,'Iceland','IS','00:00','Atlantic/Reykjavik',NULL,NULL,NULL,NULL,NULL,NULL),(68,'Italy','IT','+02:00','Europe/Rome',NULL,NULL,NULL,NULL,NULL,NULL),(69,'Jersey','JE','+01:00','Europe/Jersey',NULL,NULL,NULL,NULL,NULL,NULL),(70,'Jamaica','JM','-05:00','America/Jamaica',NULL,NULL,NULL,NULL,NULL,NULL),(71,'Jordan','JO','+03:00','Asia/Amman',NULL,NULL,NULL,NULL,NULL,NULL),(72,'Japan','JP','+09:00','Asia/Tokyo',NULL,NULL,NULL,NULL,NULL,NULL),(73,'Kenya','KE','+03:00','Africa/Nairobi',NULL,NULL,NULL,NULL,NULL,NULL),(74,'Cambodia','KH','+07:00','Asia/Phnom_Penh',NULL,NULL,NULL,NULL,NULL,NULL),(75,'North Korea','KP','+09:00','Asia/Pyongyang',NULL,NULL,NULL,NULL,NULL,NULL),(76,'South Korea','KR','+09:00','Asia/Seoul',NULL,NULL,NULL,NULL,NULL,NULL),(77,'Kuwait','KW','+03:00','Asia/Kuwait',NULL,NULL,NULL,NULL,NULL,NULL),(78,'Cayman Islands','KY','-05:00','America/Cayman',NULL,NULL,NULL,NULL,NULL,NULL),(79,'Kazakhstan','KZ','+05:00','Asia/Qyzylorda',NULL,NULL,NULL,NULL,NULL,NULL),(80,'Laos','LA','+07:00','Asia/Vientiane',NULL,NULL,NULL,NULL,NULL,NULL),(81,'Lebanon','LB','+03:00','Asia/Beirut',NULL,NULL,NULL,NULL,NULL,NULL),(82,'Liechtenstein','LI','+02:00','Europe/Vaduz',NULL,NULL,NULL,NULL,NULL,NULL),(83,'Sri Lanka','LK','+05:30','Asia/Colombo',NULL,NULL,NULL,NULL,NULL,NULL),(84,'Liberia','LR','00:00','Africa/Monrovia',NULL,NULL,NULL,NULL,NULL,NULL),(85,'Lesotho','LS','+02:00','Africa/Maseru',NULL,NULL,NULL,NULL,NULL,NULL),(86,'Lithuania','LT','+03:00','Europe/Vilnius',NULL,NULL,NULL,NULL,NULL,NULL),(87,'Luxembourg','LU','+02:00','Europe/Luxembourg',NULL,NULL,NULL,NULL,NULL,NULL),(88,'Latvia','LV','+03:00','Europe/Riga',NULL,NULL,NULL,NULL,NULL,NULL),(89,'Morocco','MA','+01:00','Africa/Casablanca',NULL,NULL,NULL,NULL,NULL,NULL),(90,'Monaco','MC','+02:00','Europe/Monaco',NULL,NULL,NULL,NULL,NULL,NULL),(91,'Moldova','MD','+03:00','Europe/Chisinau',NULL,NULL,NULL,NULL,NULL,NULL),(92,'Montenegro','ME','+02:00','Europe/Podgorica',NULL,NULL,NULL,NULL,NULL,NULL),(93,'Madagascar','MG','+03:00','Indian/Antananarivo',NULL,NULL,NULL,NULL,NULL,NULL),(94,'Macedonia','MK','+02:00','Europe/Skopje',NULL,NULL,NULL,NULL,NULL,NULL),(95,'Mali','ML','00:00','Africa/Bamako',NULL,NULL,NULL,NULL,NULL,NULL),(96,'Myanmar','MM','+06:30','Asia/Yangon',NULL,NULL,NULL,NULL,NULL,NULL),(97,'Mongolia','MN','+08:00','Asia/Ulaanbaatar',NULL,NULL,NULL,NULL,NULL,NULL),(98,'Macao','MO','+08:00','Asia/Macau',NULL,NULL,NULL,NULL,NULL,NULL),(99,'Martinique','MQ','-04:00','America/Martinique',NULL,NULL,NULL,NULL,NULL,NULL),(100,'Malta','MT','+02:00','Europe/Malta',NULL,NULL,NULL,NULL,NULL,NULL),(101,'Mauritius','MU','+04:00','Indian/Mauritius',NULL,NULL,NULL,NULL,NULL,NULL),(102,'Maldives','MV','+05:00','Indian/Maldives',NULL,NULL,NULL,NULL,NULL,NULL),(103,'Mexico','MX','-07:00','America/Tijuana',NULL,NULL,NULL,NULL,NULL,NULL),(104,'Malaysia','MY','+08:00','Asia/Kuching',NULL,NULL,NULL,NULL,NULL,NULL),(105,'Mozambique','MZ','+02:00','Africa/Maputo',NULL,NULL,NULL,NULL,NULL,NULL),(106,'Namibia','NA','+02:00','Africa/Windhoek',NULL,NULL,NULL,NULL,NULL,NULL),(107,'Niger','NE','+01:00','Africa/Niamey',NULL,NULL,NULL,NULL,NULL,NULL),(108,'Nigeria','NG','+01:00','Africa/Lagos',NULL,NULL,NULL,NULL,NULL,NULL),(109,'Nicaragua','NI','-06:00','America/Managua',NULL,NULL,NULL,NULL,NULL,NULL),(110,'Netherlands','NL','+02:00','Europe/Amsterdam',NULL,NULL,NULL,NULL,NULL,NULL),(111,'Norway','NO','+02:00','Europe/Oslo',NULL,NULL,NULL,NULL,NULL,NULL),(112,'Nepal','NP','+05:45','Asia/Kathmandu',NULL,NULL,NULL,NULL,NULL,NULL),(113,'New Zealand','NZ','+12:45','Pacific/Chatham',NULL,NULL,NULL,NULL,NULL,NULL),(114,'Oman','OM','+04:00','Asia/Muscat',NULL,NULL,NULL,NULL,NULL,NULL),(115,'Panama','PA','-05:00','America/Panama',NULL,NULL,NULL,NULL,NULL,NULL),(116,'Peru','PE','-05:00','America/Lima',NULL,NULL,NULL,NULL,NULL,NULL),(117,'Papua New Guinea','PG','+10:00','Pacific/Port_Moresby',NULL,NULL,NULL,NULL,NULL,NULL),(118,'Pakistan','PK','+05:00','Asia/Karachi',NULL,NULL,NULL,NULL,NULL,NULL),(119,'Poland','PL','+02:00','Europe/Warsaw',NULL,NULL,NULL,NULL,NULL,NULL),(120,'Palestine','','+03:00','Etc/GMT+3',NULL,NULL,NULL,NULL,NULL,NULL),(121,'Portugal','PT','+01:00','Europe/Lisbon',NULL,NULL,NULL,NULL,NULL,NULL),(122,'Paraguay','PY','-04:00','America/Asuncion',NULL,NULL,NULL,NULL,NULL,NULL),(123,'Qatar','QA','+03:00','Asia/Qatar',NULL,NULL,NULL,NULL,NULL,NULL),(124,'Romania','RO','+03:00','Europe/Bucharest',NULL,NULL,NULL,NULL,NULL,NULL),(125,'Serbia','RS','+02:00','Europe/Belgrade',NULL,NULL,NULL,NULL,NULL,NULL),(126,'Russia','RU','+04:00','Europe/Volgograd',NULL,NULL,NULL,NULL,NULL,NULL),(127,'Rwanda','RW','+02:00','Africa/Kigali',NULL,NULL,NULL,NULL,NULL,NULL),(128,'Saudi Arabia','SA','+03:00','Asia/Riyadh',NULL,NULL,NULL,NULL,NULL,NULL),(129,'Seychelles','SC','+04:00','Indian/Mahe',NULL,NULL,NULL,NULL,NULL,NULL),(130,'Sudan','SD','+02:00','Africa/Khartoum',NULL,NULL,NULL,NULL,NULL,NULL),(131,'Sweden','SE','+02:00','Europe/Stockholm',NULL,NULL,NULL,NULL,NULL,NULL),(132,'Singapore','SG','+08:00','Asia/Singapore',NULL,NULL,NULL,NULL,NULL,NULL),(133,'Slovenia','SI','+02:00','Europe/Ljubljana',NULL,NULL,NULL,NULL,NULL,NULL),(134,'Slovakia','SK','+02:00','Europe/Bratislava',NULL,NULL,NULL,NULL,NULL,NULL),(135,'Sierra Leone','SL','00:00','Africa/Freetown',NULL,NULL,NULL,NULL,NULL,NULL),(136,'San Marino','SM','+02:00','Europe/San_Marino',NULL,NULL,NULL,NULL,NULL,NULL),(137,'Senegal','SN','00:00','Africa/Dakar',NULL,NULL,NULL,NULL,NULL,NULL),(138,'Somalia','SO','+03:00','Africa/Mogadishu',NULL,NULL,NULL,NULL,NULL,NULL),(139,'El Salvador','SV','-06:00','America/El_Salvador',NULL,NULL,NULL,NULL,NULL,NULL),(140,'Syria','SY','+03:00','Asia/Damascus',NULL,NULL,NULL,NULL,NULL,NULL),(141,'Chad','TD','+01:00','Africa/Ndjamena',NULL,NULL,NULL,NULL,NULL,NULL),(142,'Togo','TG','00:00','Africa/Lome',NULL,NULL,NULL,NULL,NULL,NULL),(143,'Thailand','TH','+07:00','Asia/Bangkok',NULL,NULL,NULL,NULL,NULL,NULL),(144,'Turkmenistan','TM','+05:00','Asia/Ashgabat',NULL,NULL,NULL,NULL,NULL,NULL),(145,'Tunisia','TN','+01:00','Africa/Tunis',NULL,NULL,NULL,NULL,NULL,NULL),(146,'Tonga','TO','+13:00','Pacific/Tongatapu',NULL,NULL,NULL,NULL,NULL,NULL),(147,'Turkey','TR','+03:00','Europe/Istanbul',NULL,NULL,NULL,NULL,NULL,NULL),(148,'Trinidad and Tobago','TT','-04:00','America/Port_of_Spain',NULL,NULL,NULL,NULL,NULL,NULL),(149,'Taiwan','TW','+08:00','Asia/Taipei',NULL,NULL,NULL,NULL,NULL,NULL),(150,'Tanzania','TZ','+03:00','Africa/Dar_es_Salaam',NULL,NULL,NULL,NULL,NULL,NULL),(151,'Ukraine','UA','+03:00','Europe/Zaporozhye',NULL,NULL,NULL,NULL,NULL,NULL),(152,'Uganda','UG','+03:00','Africa/Kampala',NULL,NULL,NULL,NULL,NULL,NULL),(153,'United States','US','-10:00','Pacific/Honolulu',NULL,NULL,NULL,NULL,NULL,NULL),(154,'Uruguay','UY','-03:00','America/Montevideo',NULL,NULL,NULL,NULL,NULL,NULL),(155,'Uzbekistan','UZ','+05:00','Asia/Tashkent',NULL,NULL,NULL,NULL,NULL,NULL),(156,'Venezuela','VE','-04:00','America/Caracas',NULL,NULL,NULL,NULL,NULL,NULL),(157,'Vietnam','VN','+07:00','Asia/Ho_Chi_Minh',NULL,NULL,NULL,NULL,NULL,NULL),(158,'Yemen','YE','+03:00','Asia/Aden',NULL,NULL,NULL,NULL,NULL,NULL),(159,'South Africa','ZA','+02:00','Africa/Johannesburg',NULL,NULL,NULL,NULL,NULL,NULL),(160,'Zambia','ZM','+02:00','Africa/Lusaka',NULL,NULL,NULL,NULL,NULL,NULL),(161,'Zimbabwe','ZW','+02:00','Africa/Harare',NULL,NULL,NULL,NULL,NULL,NULL),(162,'Philippines','PH','+08:00','Asia/Manila',NULL,NULL,NULL,NULL,NULL,NULL),(163,'India','IN','+05:30','Asia/Kolkata',NULL,NULL,NULL,NULL,NULL,NULL),(164,'Quatar','','+03:00','Etc/GMT+3',NULL,NULL,NULL,NULL,NULL,NULL),(165,'Canada','CA','-06:00','America/Yellowknife',NULL,NULL,NULL,NULL,NULL,NULL),(166,'Scotland','','+01:00','Europe/Sarajevo',NULL,NULL,NULL,NULL,NULL,NULL),(167,'Albania','AL','+02:00','Europe/Tirane',NULL,NULL,NULL,NULL,NULL,NULL),(168,'Samoa','WS','+13:00','Pacific/Apia',NULL,NULL,NULL,NULL,NULL,NULL),(169,'Brunei','BN','+08:00','Asia/Brunei',NULL,NULL,NULL,NULL,NULL,NULL),(170,'Azerbaijan','AZ','+04:00','Asia/Baku',NULL,NULL,NULL,NULL,NULL,NULL),(171,'Libya','LY','+02:00','Africa/Tripoli',NULL,NULL,NULL,NULL,NULL,NULL),(172,'Slovenia','SI','+02:00','Europe/Ljubljana',NULL,NULL,NULL,NULL,NULL,NULL),(173,'Kyrgyzstan','KG','+06:00','Asia/Bishkek',NULL,NULL,NULL,NULL,NULL,NULL),(174,'Malawi','MW','+02:00','Africa/Blantyre',NULL,NULL,NULL,NULL,NULL,NULL),(175,'Wales','','+01:00','Europe/Sarajevo',NULL,NULL,NULL,NULL,NULL,NULL),(176,'Burkina Faso','','00:00','Africa/Lome',NULL,NULL,NULL,NULL,NULL,NULL),(177,'Bosnia','','+01:00','Europe/Sarajevo',NULL,NULL,NULL,NULL,NULL,NULL),(178,'Mauritania','','00:00','Africa/Lome',NULL,NULL,NULL,NULL,NULL,NULL),(179,'Marshall Islands','','+12:00','Pacific/Fiji',NULL,NULL,NULL,NULL,NULL,NULL),(180,'Swaziland','','+02:00','Africa/Harare',NULL,NULL,NULL,NULL,NULL,NULL),(181,'Vanuatu','','+11:00','Etc/GMT+11',NULL,NULL,NULL,NULL,NULL,NULL),(182,'Faroe Islands','','+01:00','Etc/GMT+1',NULL,NULL,NULL,NULL,NULL,NULL),(183,'Cook Islands','','-10:00','Etc/GMT-10',NULL,NULL,NULL,NULL,NULL,NULL),(184,'Tajikistan','','+05:00','Etc/GMT+5',NULL,NULL,NULL,NULL,NULL,NULL),(185,'Macau','','+08:00','Asia/Macau',NULL,NULL,NULL,NULL,NULL,NULL),(186,'Cape Verde','','-01:00','Etc/GMT-1',NULL,NULL,NULL,NULL,NULL,NULL),(187,'Palau','','+09:00','Etc/GMT+9',NULL,NULL,NULL,NULL,NULL,NULL),(188,'French Polynesia','','-10:00','Etc/GMT-10',NULL,NULL,NULL,NULL,NULL,NULL),(189,'New Caledonia','','+11:00','Etc/GMT+11',NULL,NULL,NULL,NULL,NULL,NULL),(190,'Turks and Caicos','','','',NULL,NULL,NULL,NULL,NULL,NULL),(191,'Andorra','AD','+01:00','Europe/Andorra',NULL,NULL,NULL,NULL,NULL,NULL);
/*!40000 ALTER TABLE `country` ENABLE KEYS */;
UNLOCK TABLES;
COMMIT;

LOCK TABLES `expense` WRITE;
/*!40000 ALTER TABLE `expense` DISABLE KEYS */;
SET autocommit=0;
/*!40000 ALTER TABLE `expense` ENABLE KEYS */;
UNLOCK TABLES;
COMMIT;

LOCK TABLES `message` WRITE;
/*!40000 ALTER TABLE `message` DISABLE KEYS */;
SET autocommit=0;
INSERT  IGNORE INTO `message` (`id_message`, `label`) VALUES (1,'delete_row_confirm_msg'),(2,'authy_email_required'),(3,'client_phone_required'),(4,'supplier_phone_required'),(5,'CostLine_Title_required');
/*!40000 ALTER TABLE `message` ENABLE KEYS */;
UNLOCK TABLES;
COMMIT;

LOCK TABLES `message_i18n` WRITE;
/*!40000 ALTER TABLE `message_i18n` DISABLE KEYS */;
SET autocommit=0;
INSERT  IGNORE INTO `message_i18n` (`id_message`, `locale`, `text`, `date_creation`, `date_modification`, `id_group_creation`, `id_creation`, `id_modification`) VALUES (1,'en_US','Are you sure you want to delete this item?','2024-05-06 06:19:18','2024-05-06 06:19:18',2,2,2),(1,'fr_CA',NULL,'2024-05-06 06:19:18','2024-05-06 06:19:18',2,2,2),(2,'en_US','authy_email_required','2024-02-29 19:42:34','2024-02-29 19:42:34',2,1,1),(2,'fr_CA','authy_email_required','2024-02-29 19:42:34','2024-02-29 19:42:34',2,1,1),(3,'en_US','client_phone_required','2024-03-17 22:28:05','2024-03-17 22:28:05',2,2,2),(3,'fr_CA','client_phone_required','2024-03-17 22:28:05','2024-03-17 22:28:05',2,2,2),(4,'en_US','supplier_phone_required','2024-05-01 13:18:03','2024-05-01 13:18:03',2,2,2),(4,'fr_CA','supplier_phone_required','2024-05-01 13:18:03','2024-05-01 13:18:03',2,2,2),(5,'en_US','CostLine_Title_required','2024-05-06 06:21:28','2024-05-06 06:21:28',2,2,2),(5,'fr_CA','CostLine_Title_required','2024-05-06 06:21:28','2024-05-06 06:21:28',2,2,2);
/*!40000 ALTER TABLE `message_i18n` ENABLE KEYS */;
UNLOCK TABLES;
COMMIT;

LOCK TABLES `payment_line` WRITE;
/*!40000 ALTER TABLE `payment_line` DISABLE KEYS */;
SET autocommit=0;
/*!40000 ALTER TABLE `payment_line` ENABLE KEYS */;
UNLOCK TABLES;
COMMIT;

LOCK TABLES `project` WRITE;
/*!40000 ALTER TABLE `project` DISABLE KEYS */;
SET autocommit=0;
INSERT  IGNORE INTO `project` (`id_project`, `calc_id`, `name`, `id_client`, `date`, `type`, `state`, `budget`, `spent`, `reference`, `date_creation`, `date_modification`, `id_group_creation`, `id_creation`, `id_modification`) VALUES (1,NULL,'NOP',1,NULL,1,1,17100.00,12335.00,'','2024-01-30 22:47:55','2024-04-08 21:12:17',2,1,1),(2,NULL,'Shopify',1,NULL,1,1,5500.00,3900.00,'','2024-02-29 19:43:28','2024-04-01 21:18:28',2,1,1),(3,NULL,'Support',1,NULL,NULL,NULL,NULL,1181.00,'','2024-02-29 19:43:36','2024-04-01 21:17:57',2,1,1),(4,NULL,'Policy',1,NULL,1,1,NULL,522.00,'','2024-02-29 19:44:42','2024-04-08 21:12:36',2,1,1),(5,NULL,'Compression',2,'2024-03-08',1,1,2000.00,1573.00,'','2024-03-10 17:46:47','2024-05-03 07:08:09',2,2,2);
/*!40000 ALTER TABLE `project` ENABLE KEYS */;
UNLOCK TABLES;
COMMIT;

LOCK TABLES `supplier` WRITE;
/*!40000 ALTER TABLE `supplier` DISABLE KEYS */;
SET autocommit=0;
INSERT  IGNORE INTO `supplier` (`id_supplier`, `name`, `id_country`, `phone`, `phone_work`, `ext`, `email`, `contact`, `email2`, `phone_mobile`, `website`, `address_1`, `address_2`, `address_3`, `zip`, `date_creation`, `date_modification`, `id_group_creation`, `id_creation`, `id_modification`) VALUES (1,'Vultr',153,'','','','','','','',NULL,'319 Clematis Street Suite 900\r\nWest Palm Beach, FL 33401\r\n','','','','2024-05-01 13:18:11','2024-05-01 13:21:10',2,2,2),(2,'UpWork',153,'','11111111','','','','','',NULL,NULL,NULL,NULL,'','2024-05-06 05:40:27','2024-05-06 05:40:27',2,2,2);
/*!40000 ALTER TABLE `supplier` ENABLE KEYS */;
UNLOCK TABLES;
COMMIT;

LOCK TABLES `template` WRITE;
/*!40000 ALTER TABLE `template` DISABLE KEYS */;
SET autocommit=0;
INSERT  IGNORE INTO `template` (`id_template`, `name`, `subject`, `color_1`, `color_2`, `color_3`, `status`, `body`, `date_creation`, `date_modification`, `id_group_creation`, `id_creation`, `id_modification`) VALUES (1,'Forgotten password email','Forgotten password request from APIgoat',NULL,NULL,NULL,0,'<p>Please <a href=\"[Utils-GuiUrl][Authy-ValidationKey]\">click here</a> to change your password or use this link:&nbsp;[Utils-Url][Authy-ValidationKey]</p>\n','2020-07-22 07:58:29','2020-07-23 07:41:20',NULL,NULL,NULL),(2,'Confirm your email','Confirm your APIgoat registration email',NULL,NULL,NULL,0,'<p>Hi!</p>\n\n<p>Welcome to APIgoat! We hope ypou will enjoy creating new App easily.</p>\n\n<p><a href=\"[Utils-GuiUrl]confirm?validationKey=[Authy-ValidationKey]\">Please click here to confirm your email.</a></p>\n\n<p>If you have any problems, do not hesitate to contact us at beta@apigoat.com</p>\n\n<p>The APIgoat team.</p>\n','2020-08-02 05:35:04','2020-08-04 12:40:56',NULL,NULL,NULL),(3,'Billing header Ninja','print_billing_header','#3C8ECB','','',0,'<table border=\"0\" cellpadding=\"1\" cellspacing=\"10\" style=\"width:100%\">\r\n	<tbody>\r\n		<tr>\r\n			<td><img src=\"https://gc.local/myproject1/.admin/public/file/TemplateFile/c81e728d9d4c2f636f067f89cc14862c.png\" /></td>\r\n			<td style=\"text-align:right; width:30%\">\r\n			<p>Ninja Software inc.<br />\r\n			121 Legazpi Str., Makati<br />\r\n			Manila, Philippines, 1228</p>\r\n			</td>\r\n		</tr>\r\n	</tbody>\r\n</table>\r\n','2024-03-13 23:15:09','2024-03-27 20:03:24',2,2,2),(4,'Billing header Embark','print_billing_header','#1B1464','','',0,'<table border=\"0\" cellpadding=\"1\" cellspacing=\"10\" style=\"width:100%\">\r\n	<tbody>\r\n		<tr>\r\n			<td><img src=\"https://gc.local/myproject1/.admin/public/file/TemplateFile/eccbc87e4b5ce2fe28308fd9f2a7baf3.png\" /></td>\r\n			<td style=\"text-align:right; width:30%\">\r\n			<p>Embark Coporate Services Inc.<br />\r\n			121 Legazpi Str., Makati<br />\r\n			Manila, Philippines, 1228</p>\r\n			</td>\r\n		</tr>\r\n	</tbody>\r\n</table>\r\n','2024-03-22 20:38:35','2024-03-27 20:05:09',2,2,2);
/*!40000 ALTER TABLE `template` ENABLE KEYS */;
UNLOCK TABLES;
COMMIT;

LOCK TABLES `template_file` WRITE;
/*!40000 ALTER TABLE `template_file` DISABLE KEYS */;
SET autocommit=0;
INSERT  IGNORE INTO `template_file` (`id_template_file`, `id_template`, `name`, `file`, `date_creation`, `date_modification`, `id_group_creation`, `id_creation`, `id_modification`) VALUES (1,3,'logo3-150.png','public/file/TemplateFile/c4ca4238a0b923820dcc509a6f75849b.png','2024-03-13 23:16:05','2024-03-13 23:16:05',2,2,2),(2,3,'ninja_logo.png','public/file/TemplateFile/c81e728d9d4c2f636f067f89cc14862c.png','2024-03-14 02:09:54','2024-03-14 02:09:54',2,2,2),(3,4,'logo3-150.png','public/file/TemplateFile/eccbc87e4b5ce2fe28308fd9f2a7baf3.png','2024-03-27 20:03:53','2024-03-27 20:03:53',2,2,2);
/*!40000 ALTER TABLE `template_file` ENABLE KEYS */;
UNLOCK TABLES;
COMMIT;

LOCK TABLES `time_line` WRITE;
/*!40000 ALTER TABLE `time_line` DISABLE KEYS */;
SET autocommit=0;
/*!40000 ALTER TABLE `time_line` ENABLE KEYS */;
UNLOCK TABLES;
COMMIT;

LOCK TABLES `tmp_breakdown_expense` WRITE;
/*!40000 ALTER TABLE `tmp_breakdown_expense` DISABLE KEYS */;
SET autocommit=0;
INSERT  IGNORE INTO `tmp_breakdown_expense` (`Date`, `Year`, `Month`, `Week`, `Total`) VALUES ('2023-12-01','2023','December','48',227.00),('2023-12-04','2023','December','49',283.00),('2023-12-18','2023','December','51',168.00),('2023-12-18','2023','December',NULL,678.00),('2023-11-01','2023','November','44',144.00),('2023-11-06','2023','November','45',775.00),('2023-11-27','2023','November','48',46.00),('2023-11-27','2023','November',NULL,965.00),('2023-10-16','2023','October','42',317.00),('2023-10-30','2023','October','44',1131.00),('2023-10-30','2023','October',NULL,1448.00),('2023-10-30','2023',NULL,NULL,3091.00),('2024-04-05','2024','April','14',109.00),('2024-04-05','2024','April',NULL,109.00),('2024-02-01','2024','February','05',328.00),('2024-02-01','2024','February',NULL,328.00),('2024-01-01','2024','January','01',470.00),('2024-01-01','2024','January',NULL,470.00),('2024-03-01','2024','March','09',66.00),('2024-03-01','2024','March',NULL,66.00),('2024-05-01','2024','May','18',53.00),('2024-05-01','2024','May',NULL,53.00),('2024-05-01','2024',NULL,NULL,1026.00),('2024-05-01',NULL,NULL,NULL,4117.00);
/*!40000 ALTER TABLE `tmp_breakdown_expense` ENABLE KEYS */;
UNLOCK TABLES;
COMMIT;

LOCK TABLES `tmp_breakdown_revenue` WRITE;
/*!40000 ALTER TABLE `tmp_breakdown_revenue` DISABLE KEYS */;
SET autocommit=0;
INSERT  IGNORE INTO `tmp_breakdown_revenue` (`Pos`, `Date`, `state`, `Year`, `Month`, `Week`, `Total`) VALUES ('Paid',NULL,4,NULL,NULL,NULL,13920.00),('Paid',NULL,4,NULL,NULL,NULL,13920.00),('Paid',NULL,4,NULL,NULL,NULL,13920.00),('Paid','2023-04-06',4,'2023','April','14',1570.00),('Paid','2023-04-17',4,'2023','April','16',750.00),('Paid','2023-04-17',4,'2023','April',NULL,2320.00),('Paid','2023-08-13',4,'2023','August','32',1237.00),('Paid','2023-08-13',4,'2023','August',NULL,1237.00),('Paid','2023-11-05',4,'2023','November','44',4917.50),('Paid','2023-11-05',4,'2023','November',NULL,4917.50),('Paid','2023-11-05',4,'2023',NULL,NULL,8474.50),('Paid','2024-02-23',4,'2024','February','08',600.00),('Paid','2024-02-23',4,'2024','February',NULL,600.00),('Paid','2024-01-07',4,'2024','January','01',6105.00),('Paid','2024-01-07',4,'2024','January',NULL,6105.00),('Paid','2024-03-02',4,'2024','March','09',715.00),('Paid','2024-03-02',4,'2024','March',NULL,715.00),('Paid','2024-03-02',4,'2024',NULL,NULL,7420.00),('Paid','2024-03-02',4,NULL,NULL,NULL,29814.50),('Open','2023-12-05',0,'2023','December','49',2075.00),('Open','2023-12-05',0,'2023','December',NULL,2075.00),('Open','2023-12-05',0,'2023',NULL,NULL,2075.00),('Open','2024-01-25',0,'2024','January','04',343.00),('Open','2024-01-25',0,'2024','January',NULL,343.00),('Open','2024-03-18',0,'2024','March','12',137.00),('Open','2024-03-18',0,'2024','March',NULL,137.00),('Open','2024-05-06',0,'2024','May','19',440.00),('Open','2024-05-06',0,'2024','May',NULL,440.00),('Open','2024-05-06',0,'2024',NULL,NULL,920.00),('Open','2024-05-06',0,NULL,NULL,NULL,2995.00),('Open','2024-05-06',NULL,NULL,NULL,NULL,2995.00),('Unpa',NULL,2,NULL,NULL,NULL,1140.00),('Unpa',NULL,2,NULL,NULL,NULL,1140.00),('Unpa',NULL,2,NULL,NULL,NULL,1140.00),('Unpa','2024-04-01',2,'2024','April','14',5014.00),('Unpa','2024-04-01',2,'2024','April',NULL,5014.00),('Unpa','2024-02-01',2,'2024','February','05',11410.00),('Unpa','2024-02-01',2,'2024','February',NULL,11410.00),('Unpa','2024-02-01',2,'2024',NULL,NULL,16424.00),('Unpa','2024-02-01',2,NULL,NULL,NULL,17564.00),('Unpa','2024-02-01',NULL,NULL,NULL,NULL,17564.00),('Quot','2024-03-13',1,'2024','March','11',1980.00),('Quot','2024-03-13',1,'2024','March',NULL,1980.00),('Quot','2024-03-13',1,'2024',NULL,NULL,1980.00),('Quot','2024-03-13',1,NULL,NULL,NULL,1980.00),('Quot','2023-11-04',4,'2023','November','44',NULL),('Quot','2023-11-04',4,'2023','November',NULL,NULL),('Quot','2023-11-04',4,'2023',NULL,NULL,NULL),('Quot','2023-11-04',4,NULL,NULL,NULL,NULL),('Quot','2023-11-04',NULL,NULL,NULL,NULL,1980.00),('Time','2024-05-06',0,NULL,NULL,NULL,NULL);
/*!40000 ALTER TABLE `tmp_breakdown_revenue` ENABLE KEYS */;
UNLOCK TABLES;
COMMIT;

LOCK TABLES `tmp_breakdown_revenue_category` WRITE;
/*!40000 ALTER TABLE `tmp_breakdown_revenue_category` DISABLE KEYS */;
SET autocommit=0;
INSERT  IGNORE INTO `tmp_breakdown_revenue_category` (`Category`, `Total`) VALUES (NULL,23050.00),(2,16240.00),(3,2561.00),(4,2120.00),(NULL,43971.00);
/*!40000 ALTER TABLE `tmp_breakdown_revenue_category` ENABLE KEYS */;
UNLOCK TABLES;
COMMIT;

/*!40103 SET TIME_ZONE=@OLD_TIME_ZONE */;
/*!40101 SET AUTOCOMMIT=@OLD_AUTOCOMMIT */;
/*!40101 SET SQL_MODE=@OLD_SQL_MODE */;
/*!40014 SET FOREIGN_KEY_CHECKS=@OLD_FOREIGN_KEY_CHECKS */;
/*!40014 SET UNIQUE_CHECKS=@OLD_UNIQUE_CHECKS */;
/*!40101 SET CHARACTER_SET_CLIENT=@OLD_CHARACTER_SET_CLIENT */;
/*!40101 SET CHARACTER_SET_RESULTS=@OLD_CHARACTER_SET_RESULTS */;
/*!40101 SET COLLATION_CONNECTION=@OLD_COLLATION_CONNECTION */;
/*!40111 SET SQL_NOTES=@OLD_SQL_NOTES */;

